time,steer,accel,brake,gear,speedX,trackPos,angle,rpm,damage,track_0,track_1,track_2,track_3,track_4,track_5,track_6,track_7,track_8,track_9,track_10,track_11,track_12,track_13,track_14,track_15,track_16,track_17,track_18
5.606,-0.1051,1.0000,0.0000,1,12.14,0.3312,0.0152,5236.0,0.0,5.7631,12.9828,24.5013,129.8440,86.1202,73.7711,68.5474,64.5581,61.9868,59.6168,57.4256,55.3939,52.7862,50.0997,45.7577,38.9018,30.2329,22.2892,11.1280
5.806,-0.0762,1.0000,0.0000,2,18.67,0.3260,0.0272,5236.0,0.0,5.8811,13.7186,33.0617,114.3680,78.6611,68.0975,63.5622,60.0713,57.8087,55.7144,53.7705,51.9615,49.6305,47.2181,43.2953,36.9359,28.8640,21.4754,10.9577
6.005,0.0000,1.0000,0.0000,2,25.24,0.3251,0.0078,5236.0,0.0,5.7717,12.9854,25.4435,134.8390,87.1382,74.1027,68.6447,64.4981,61.8359,59.3890,57.1325,55.0452,52.3733,49.6292,45.2114,38.3861,29.9244,22.1593,11.1564
6.209,0.0000,1.0000,0.0000,2,31.87,0.3236,0.0078,5236.0,0.0,5.7850,13.2455,28.9185,131.2250,84.8040,72.1180,66.8062,62.7709,60.1799,57.7985,55.6024,53.5710,50.9709,48.3002,44.0009,37.3831,29.2572,21.7946,11.1261
6.408,0.0000,1.0000,0.0000,2,38.40,0.3210,0.0078,5236.0,0.0,5.8073,13.6986,200.0000,126.7870,81.9364,69.6793,64.5473,60.6486,58.1451,55.8443,53.7225,51.7598,49.2474,46.6671,42.5132,36.1398,28.4120,21.3096,11.0547
6.607,0.0000,1.0000,0.0000,2,44.48,0.3180,0.0078,5523.7,0.0,5.8667,14.4403,200.0000,121.5520,78.5531,66.8022,61.8818,58.1442,55.7441,53.5384,51.5041,49.6224,47.2140,44.7401,40.7579,34.6596,27.3861,20.6957,10.9310
6.807,0.0000,1.0000,0.0000,2,52.03,0.3131,0.0154,6894.1,0.0,6.0107,15.6747,200.0000,115.4530,74.6130,63.4519,58.7786,55.2282,52.9486,50.8536,48.9213,47.1342,44.8464,42.4966,38.7140,32.9229,26.1532,19.9242,10.7311
7.008,0.1553,1.0000,0.0000,3,56.32,0.3011,0.0304,5370.6,0.0,6.2210,17.2386,200.0000,114.3660,72.5491,61.3858,56.7447,53.2315,50.9816,48.9176,47.0180,45.2635,43.0216,40.7238,37.0348,31.4106,25.0257,19.1860,10.4963
7.216,0.0000,1.0000,0.0000,3,62.01,0.2956,0.0178,5911.8,0.0,6.1826,16.3526,71.7034,175.7420,90.3584,72.7537,65.9216,60.9252,57.8012,54.9859,52.4360,50.1156,47.1978,44.2609,39.6553,32.8822,25.7214,19.5957,10.5686
7.435,0.0000,1.0000,0.0000,3,68.73,0.2751,0.0440,6661.2,0.0,6.5574,19.5354,93.3831,163.3110,83.8867,67.5295,61.1832,56.5428,53.6415,51.0272,48.6595,46.5050,43.7958,41.0693,36.7939,30.5071,23.8623,18.3600,10.1733
7.655,0.0000,1.0000,0.0000,3,76.20,0.2505,0.0167,7564.1,0.0,6.5778,17.5568,41.5576,200.0000,162.7820,107.7640,91.3255,80.5829,74.3432,69.0053,64.3870,60.3524,55.4916,50.8229,43.9184,34.5933,25.6722,19.0471,10.2178
7.877,0.0000,1.0000,0.0000,3,84.78,0.2233,0.0452,8573.8,0.0,7.0451,20.0432,46.2913,200.0000,163.3750,105.2790,88.5122,77.6971,71.4662,66.1651,61.6005,57.6293,52.8647,48.3089,41.6082,32.6273,24.1083,17.8273,9.7578
8.096,0.0000,1.0000,0.0000,4,88.88,0.1682,0.0796,6864.1,0.0,7.8806,22.9342,52.9224,195.4190,150.7770,97.0462,81.5655,71.5853,65.8372,60.9477,56.7383,53.0767,48.6842,44.4852,38.3101,30.0360,22.1900,16.4069,9.0673
8.317,0.1603,1.0000,0.0000,4,94.65,0.0838,0.0812,7385.4,0.0,8.5001,22.2634,43.2918,137.2690,179.7980,160.0440,124.0500,100.6360,88.6872,79.2800,71.6821,65.4177,58.2931,51.8491,42.9667,32.0539,22.6230,16.1750,8.5257
8.535,0.0000,1.0000,0.0000,4,101.02,0.0161,0.0599,7846.5,0.0,8.8974,21.9959,39.6222,94.8402,183.4270,170.5720,161.0830,143.7190,119.2190,101.8630,88.9235,78.9063,68.1650,58.9973,47.1365,33.6717,22.9118,15.9770,8.1485
8.756,0.0000,1.0000,0.0000,4,107.79,-0.0480,0.0599,8400.1,0.0,9.4767,23.4277,42.2009,101.0090,176.0080,163.2230,153.7010,134.6700,111.7110,95.4463,83.3214,73.9349,63.8698,55.2795,44.1658,31.5493,21.4675,14.9697,7.6348
8.975,0.0000,1.0000,0.0000,4,115.04,-0.1160,0.0599,8996.4,0.0,10.0912,24.9468,44.9372,107.5580,168.0520,155.3390,145.7590,125.0580,103.7380,88.6340,77.3744,68.6577,59.3110,51.3338,41.0133,29.2973,19.9351,13.9012,7.0898
9.196,0.0000,1.0000,0.0000,5,120.23,-0.1549,-0.0269,8029.7,0.0,9.5465,19.7487,29.5945,46.6554,71.7590,98.3206,122.5500,173.6380,170.0550,166.6290,163.3200,159.8490,154.5140,147.3930,118.2040,53.3033,27.9329,16.9007,7.3717
9.417,0.0000,1.0000,0.0000,5,126.04,-0.1260,-0.0312,8737.0,0.0,9.2695,19.0344,28.3441,44.2132,66.9745,90.3254,110.9980,167.4900,163.9910,160.6480,157.4500,154.2540,149.4170,143.1630,126.4020,57.7439,29.5829,17.7233,7.6591
9.636,0.0000,1.0000,0.0000,5,132.37,-0.0854,-0.0311,9181.1,0.0,8.9363,18.3533,27.3338,42.6471,64.6235,87.1843,107.1700,159.2130,155.8880,152.7100,149.6710,146.6530,142.1240,136.3610,122.1290,60.3598,30.9393,18.5401,8.0137
9.856,0.0000,1.0000,0.0000,5,138.95,-0.0424,-0.0311,9634.4,0.0,8.5822,17.6262,26.2510,40.9578,62.0643,83.7323,103.0200,150.5670,147.4230,144.4180,141.5440,138.7100,134.4990,129.2210,116.9570,63.1966,32.3939,19.4118,8.3906
10.079,-0.1147,1.0000,0.0000,5,145.11,-0.0300,0.0501,10129.5,0.0,9.2121,22.2414,38.9376,85.7638,131.7890,123.2810,118.1140,113.0200,108.8710,103.9930,97.4982,86.2807,73.0807,62.2142,48.6715,33.9611,22.6826,15.6259,7.8481
10.296,0.0000,1.0000,0.0000,5,151.27,-0.1334,0.1158,10478.2,0.0,10.9568,31.7617,72.7588,116.7740,96.1998,72.0745,60.4181,52.9355,48.6374,44.9879,41.8509,39.1257,35.8610,32.7445,28.1695,22.0542,16.2710,12.0179,6.6315
10.514,0.0772,1.0000,0.0000,6,154.25,-0.2672,0.0082,9843.4,0.0,10.8417,23.9240,38.0379,66.8551,121.0220,113.5010,109.5870,105.9590,103.2250,100.3430,97.2782,93.9733,88.7490,81.0375,56.4172,33.8208,20.3628,13.1915,6.1677
10.736,0.0000,1.0000,0.0000,6,159.79,-0.2851,-0.0073,10063.2,0.0,10.8250,23.1897,35.8492,59.7039,114.1980,106.7900,103.2210,100.0430,97.6867,95.2461,92.7078,90.0533,86.0904,81.0637,68.0820,37.4350,21.3697,13.4628,6.1114
10.955,0.0000,1.0000,0.0000,6,165.18,-0.2750,-0.0067,10391.0,0.0,10.7469,23.0501,35.6732,60.6455,102.2370,95.6164,92.3738,89.4582,87.3139,85.1111,82.8419,80.4960,77.0569,72.8384,63.4669,37.7503,21.6027,13.6265,6.1936
11.175,0.0000,1.0000,0.0000,6,170.44,-0.2636,-0.0067,10707.7,0.0,10.6512,22.8454,35.3574,104.8230,90.0982,84.2643,81.3332,78.7088,76.7966,74.8497,72.8646,70.8370,67.9167,64.4387,57.3422,38.3374,21.9400,13.8397,6.2907
11.395,0.0000,1.0000,0.0000,6,175.57,-0.2518,-0.0067,11020.7,0.0,10.5521,22.6330,35.0285,90.2692,77.5887,72.5415,69.9318,67.6217,65.9555,64.2751,62.5797,60.8687,58.4446,55.6292,50.1948,38.3488,22.2901,14.0605,6.3911
11.617,0.0630,1.0000,0.0000,6,180.06,-0.2049,-0.0914,11368.9,0.0,9.4050,17.6123,24.4002,104.0140,84.5900,77.4367,74.1144,71.4440,69.6575,67.9633,66.3544,64.8248,62.8058,60.5722,56.3926,48.1128,34.9061,20.0490,7.4583
11.835,0.0000,1.0000,0.0000,6,184.99,-0.0441,-0.0966,11589.4,0.0,8.1148,15.1098,22.4118,88.7494,71.8427,65.6544,62.7875,60.4859,58.9480,57.4904,56.1074,54.7935,53.0606,51.2148,47.8847,41.5661,32.3137,22.5646,9.0232
12.055,0.5684,1.0000,0.0000,6,189.56,0.1410,-0.1124,11895.2,0.0,6.6640,13.8921,134.3200,76.5857,61.0510,55.4795,52.9184,50.8718,49.5085,48.2201,47.0004,45.8444,44.3238,42.7124,40.0056,35.1990,28.4603,21.5331,10.5431
12.275,0.0000,1.0000,0.0000,6,192.64,0.3608,-0.1102,12045.1,0.0,4.9912,10.2136,18.1385,151.8330,92.3413,77.2764,71.1085,66.4766,63.5265,60.8316,58.3603,56.0862,53.1911,50.2368,45.5204,38.3930,30.6004,23.7478,12.2666
12.496,0.6069,1.0000,0.0000,6,196.28,0.4402,-0.0327,12439.5,0.0,4.6894,11.4212,30.2121,200.0000,142.7850,103.6720,90.4778,81.4236,75.9980,71.2555,67.0750,63.3623,58.8125,54.3613,47.6280,38.2375,28.9185,21.7759,12.0295
12.715,0.0000,1.0000,0.0000,6,200.23,0.3831,0.0635,12579.6,0.0,5.7353,15.4077,31.0917,118.2700,200.0000,175.4140,135.6050,113.1530,101.1940,91.5284,83.5537,76.8627,69.1221,61.9980,51.9809,39.3504,28.1364,20.3047,10.8395
12.935,0.0000,1.0000,0.0000,6,204.85,0.1884,0.0957,12780.0,0.0,7.6528,20.8345,42.9080,200.0000,187.5730,136.9910,108.0560,91.2128,82.0813,74.6169,68.4017,63.1468,57.0212,51.3391,43.2766,32.9870,23.7340,17.2054,9.2431
13.153,0.0000,1.0000,0.0000,6,209.15,0.0143,0.0687,13060.5,0.0,9.0028,22.7525,42.1483,110.5630,183.2050,173.4830,156.1460,118.9100,101.6110,88.7120,78.7243,70.7629,61.9937,54.3117,44.0914,32.0857,22.1685,15.6180,8.0719
13.355,0.0865,1.0000,0.0000,6,213.05,-0.1219,0.0626,13306.5,0.0,10.1756,25.3230,45.9938,112.9820,171.8430,163.0870,154.2070,116.8480,97.9196,84.2745,73.9721,65.9187,57.2067,49.7079,39.9184,28.6834,19.6111,13.7189,7.0255
13.553,0.0000,1.0000,0.0000,6,216.84,-0.2140,0.0346,13527.0,0.0,10.6763,24.8853,41.8651,83.2482,165.1790,159.3680,155.4030,151.0070,146.7520,136.4690,108.9720,90.7034,73.4695,60.3712,45.2651,30.2127,19.5211,13.1717,6.4505
13.753,0.0630,1.0000,0.0000,6,220.61,-0.2854,0.0296,13764.8,0.0,11.2439,25.9246,43.1050,83.3872,152.9530,147.5500,143.9580,140.1170,136.6520,131.7170,112.0370,91.2490,72.4411,58.6389,43.2220,28.3686,18.1129,12.1341,5.8923
13.953,0.0000,1.0000,0.0000,6,224.31,-0.3326,0.0191,13976.7,0.0,11.5294,26.0034,42.2545,77.6849,141.4410,136.6900,133.6530,130.5620,127.9860,124.9160,120.8720,109.6720,82.1948,63.9077,45.1133,28.4463,17.6777,11.6565,5.5582
14.155,0.0000,1.0000,0.0000,6,227.93,-0.3730,0.0193,14202.0,0.0,11.8819,26.8101,43.5844,80.2052,127.8260,123.2590,120.3750,117.4710,115.0780,112.2690,108.6930,102.1690,76.8834,59.8350,42.2799,26.6830,16.5914,10.9438,5.2202
14.353,0.0000,1.0000,0.0000,6,231.21,-0.3585,-0.0353,14407.6,0.0,11.1412,22.7219,33.6400,51.9760,77.6874,118.2580,116.4310,114.7090,113.4000,112.0150,110.5450,108.9750,106.5730,103.4340,95.1296,44.3612,22.2143,13.1812,5.6458
14.553,0.0000,1.0000,0.0000,6,234.72,-0.2905,-0.0322,14634.9,0.0,10.6138,21.7590,32.3561,50.3545,76.0295,104.2980,102.5930,101.0030,99.8044,98.5474,97.2249,95.8276,93.7222,91.0434,84.6604,47.3831,24.1463,14.4333,6.2242
14.753,0.0000,1.0000,0.0000,6,238.18,-0.2200,-0.0322,14851.2,0.0,10.0344,20.5716,30.5909,47.6087,93.1828,90.5077,88.9718,87.5577,86.5030,85.4078,84.2681,83.0792,81.3198,79.1474,74.4035,52.0817,26.5424,15.8660,6.8422
14.954,0.0000,0.0000,0.0000,6,238.91,-0.1487,-0.0319,14551.5,0.0,9.4505,19.3848,28.8388,44.9149,78.8798,76.4842,75.1336,73.9059,73.0006,72.0699,71.1124,70.1257,68.6902,66.9625,63.4066,53.7880,28.9194,17.2995,7.4654
15.153,0.0000,0.0000,1.0000,6,210.46,-0.0826,-0.0306,12350.5,0.0,8.9170,18.3299,27.3194,69.1772,65.2611,63.1600,61.9969,60.9530,60.1918,59.4169,58.6279,57.8240,56.6718,55.3140,52.6336,46.5412,30.9471,18.5671,8.0345
15.354,0.0000,0.0000,1.0000,6,182.44,-0.0266,-0.0301,10514.7,0.0,8.4601,17.4066,25.9636,56.8944,53.4184,51.6095,50.6251,49.7521,49.1218,48.4859,47.8444,47.1971,46.2807,45.2187,43.1838,38.9216,31.0315,19.6662,8.5200
15.554,0.0000,0.0000,1.0000,6,156.13,0.0208,-0.0296,8774.6,0.0,8.0734,16.6242,51.1056,46.1979,43.1725,41.6430,40.8237,40.1050,39.5907,39.0759,38.5607,38.0450,37.3225,36.4963,34.9471,31.8600,26.8108,20.2048,8.9299
15.753,0.9532,0.0000,0.0000,6,141.22,0.0680,-0.0632,8627.8,0.0,7.4520,18.5263,42.9007,38.5275,35.9357,34.6562,33.9796,33.3912,32.9731,32.5569,32.1427,31.7306,31.1576,30.5084,29.3088,26.9866,23.3876,19.0249,9.6944
15.954,1.0000,0.0000,0.0000,6,135.04,0.2151,-0.2711,8249.7,0.0,5.5123,10.5521,43.3044,39.2565,36.8721,35.6987,35.0789,34.5403,34.1579,33.7775,33.3992,33.0230,32.4999,31.9075,30.8135,28.6971,25.4096,21.3789,12.1346
16.153,1.0000,0.0000,0.0000,6,128.41,0.4002,-0.2512,7859.2,0.0,4.2829,8.0593,42.9138,39.0121,36.7280,35.6076,35.0168,34.5040,34.1402,33.7785,33.4190,33.0617,32.5654,32.0038,30.9680,28.9685,25.8712,22.0762,13.2158
16.354,1.0000,0.0000,0.0000,6,121.93,0.4721,-0.1811,7467.5,0.0,3.9589,8.4486,40.6950,36.8680,34.6539,33.5753,33.0086,32.5178,32.1702,31.8251,31.4826,31.1428,30.6716,30.1398,29.1623,27.2876,24.4161,20.9488,12.9974
16.555,1.0000,0.0000,0.0000,5,116.30,0.4603,-0.0913,7750.1,0.0,4.3924,42.8332,37.2183,33.4750,31.3451,30.3177,29.7806,29.3169,28.9893,28.6649,28.3437,28.0256,27.5858,27.0910,26.1861,24.4674,21.8782,18.8196,12.0382
16.756,1.0000,0.0000,0.0000,5,111.33,0.3973,-0.0103,7420.1,0.0,5.4039,39.8146,33.7589,30.1110,28.0715,27.0976,26.5910,26.1553,25.8483,25.5450,25.2453,24.9493,24.5410,24.0833,23.2504,21.6839,19.3626,16.6786,10.9227
16.955,1.0000,0.0000,0.0000,5,106.82,0.3084,0.0324,7121.8,0.0,6.6420,39.3663,31.8137,28.0243,26.0120,25.0579,24.5635,24.1393,23.8410,23.5467,23.2565,22.9702,22.5762,22.1355,21.3368,19.8453,17.6617,15.1775,9.9944
17.156,1.0000,0.0000,0.0000,5,102.41,0.2125,0.0251,6832.7,0.0,7.5744,41.0817,33.8276,28.3357,25.7850,24.6984,24.1621,23.7152,23.4044,23.0980,22.7960,22.4982,22.0887,21.6312,20.8032,19.2630,17.0227,14.5020,9.3624
17.356,1.0000,0.0000,0.0000,5,97.86,0.1272,-0.0111,6536.1,0.0,8.0365,43.3693,36.9487,32.1624,29.1750,27.6337,26.7958,26.0531,25.5211,25.0096,24.5199,24.0509,23.4266,22.7557,21.6068,19.6626,17.1616,14.4341,8.9865
17.556,1.0000,0.0000,0.0000,4,93.17,0.0657,-0.0592,6917.3,0.0,8.1120,45.7248,39.6103,35.2399,32.6192,31.3109,30.6129,30.0023,29.5664,29.1310,28.6960,28.2613,27.6523,26.9561,25.6515,23.0492,18.8720,14.9810,8.8687
17.756,0.9967,0.0000,0.0000,4,88.41,0.0384,-0.1153,6571.7,0.0,7.8310,48.3688,42.2882,38.0413,35.5413,34.3078,33.6544,33.0851,32.6801,32.2765,31.8744,31.4740,30.9163,30.2822,29.1035,26.7949,23.1062,18.3567,9.1110
17.958,-0.0513,1.0000,0.0000,4,90.18,0.0464,-0.1582,7929.2,0.0,7.1268,12.7515,44.2832,40.0272,37.5527,36.3405,35.7010,35.1452,34.7507,34.3582,33.9678,33.5797,33.0402,32.4286,31.2966,29.0973,25.6349,21.2659,10.5259
18.156,0.8425,1.0000,0.0000,4,95.37,0.1138,-0.2607,8478.2,0.0,6.1438,10.8035,43.1249,38.8931,36.4692,35.2915,34.6735,34.1383,33.7591,33.3827,33.0089,32.6380,32.1235,31.5427,30.4737,28.4147,25.2311,21.3133,11.9457
18.356,0.0000,1.0000,0.0000,4,99.13,0.2986,-0.3796,9359.0,0.0,4.6835,7.9164,45.2431,40.7786,38.2413,37.0139,36.3712,35.8157,35.4227,35.0329,34.6463,34.2630,33.7318,33.1330,32.0338,29.9263,26.6925,22.7526,13.4127
18.554,0.0604,1.0000,0.0000,5,100.31,0.4646,-0.3454,7720.6,0.0,3.6099,5.8789,8.0915,44.0038,41.2270,39.8877,39.1868,38.5813,38.1532,37.7290,37.3087,36.8923,36.3157,35.6657,34.4737,32.1960,28.7157,24.5021,14.6236
18.756,0.0000,1.0000,0.0000,5,103.26,0.5795,-0.2698,7897.0,0.0,2.9482,5.0536,7.1386,44.3253,41.4104,40.0115,39.2813,38.6517,38.2074,37.7676,37.3324,36.9014,36.3055,35.6353,34.4101,32.0813,28.5599,24.3610,14.7973
18.955,0.5760,1.0000,0.0000,5,108.14,0.6532,-0.1391,7777.8,0.0,2.6625,5.4752,46.1604,40.6840,37.8535,36.5078,35.8092,35.2090,34.7865,34.3690,33.9567,33.5495,32.9880,32.3588,31.2146,29.0611,25.8617,22.1379,13.9925
19.159,0.0000,1.0000,0.0000,5,112.61,0.6795,-0.0029,7781.8,0.0,2.7948,9.3303,41.4143,35.9838,33.3600,32.1280,31.4921,30.9476,30.5655,30.1891,29.8183,29.4531,28.9513,28.3908,27.3768,25.4903,22.7361,19.6025,12.9788
19.356,0.3957,1.0000,0.0000,5,115.93,0.6273,0.0366,8279.7,0.0,3.4091,63.9834,43.9679,36.2000,32.8364,31.4090,30.7057,30.1204,29.7184,29.3290,28.9475,28.5723,28.0574,27.4837,26.4498,24.5387,21.7813,18.6938,12.3571
19.555,1.0000,1.0000,0.0000,5,120.39,0.5214,0.0803,8516.9,0.0,4.6662,150.7740,48.7482,36.9991,32.4248,30.5662,29.6674,28.9278,28.4242,27.9399,27.4739,27.0253,26.4245,25.7745,24.6504,22.7161,20.0543,17.1311,11.3277
19.753,0.5798,1.0000,0.0000,5,122.99,0.3787,0.0655,8986.7,0.0,5.9904,74.8702,132.4270,51.6877,40.7449,36.8778,35.1102,33.7021,32.7665,31.8838,31.0497,30.2603,29.2240,28.1282,26.2936,23.3028,19.6924,16.3577,10.4558
19.957,0.0000,1.0000,0.0000,5,127.20,0.2163,0.0596,9332.2,0.0,7.5666,27.5214,74.4401,108.2610,130.3230,60.6897,53.5997,49.4167,46.8114,44.4703,42.3552,40.4352,38.0268,35.6093,31.8320,26.3069,20.5048,15.8262,9.3419
20.157,0.3085,1.0000,0.0000,5,132.74,0.0344,0.0997,9441.6,0.0,9.1493,25.2063,52.0488,79.8674,97.4992,106.9950,112.2830,117.0470,120.5330,124.0920,127.7250,56.1173,48.1219,43.4510,36.7905,28.2046,20.4004,14.8460,8.0190
20.353,0.0000,1.0000,0.0000,5,138.81,-0.0952,0.0656,9646.9,0.0,9.9676,24.9957,45.0820,66.6948,81.3825,89.4181,93.9187,97.9876,100.9730,104.0250,107.1480,110.3420,114.9390,120.3780,40.2153,29.0829,19.9901,14.0340,7.2201
20.555,0.0000,1.0000,0.0000,5,144.89,-0.1861,0.0658,10031.3,0.0,10.7987,27.0964,44.9725,62.6993,75.6636,82.9213,87.0246,90.7547,93.5020,96.3201,99.2117,102.1780,106.4610,111.5470,36.9566,26.1253,17.9646,12.6155,6.4927
20.757,0.0000,1.0000,0.0000,5,150.85,-0.2757,0.0649,10428.8,0.0,11.6017,28.7521,43.0210,57.8809,69.2192,75.6888,79.3782,82.7498,85.2428,87.8084,90.4494,93.1665,97.1031,101.7980,111.1940,23.3663,16.0411,11.2523,5.7828
20.956,0.0000,1.0000,0.0000,6,154.28,-0.3668,0.0643,9728.0,0.0,12.4211,28.5798,40.2380,52.7811,62.6224,68.3284,71.6086,74.6214,76.8582,79.1676,81.5520,84.0134,87.5925,91.8803,100.5180,21.4147,14.0548,9.8521,5.0586
21.158,0.0000,1.0000,0.0000,6,159.47,-0.4607,0.0637,10049.3,0.0,13.1806,27.1345,36.7733,47.2984,55.7214,60.6723,63.5397,66.1866,68.1595,70.2033,72.3207,74.5138,77.7152,81.5697,89.3926,28.7661,12.6056,8.4298,4.3108
21.379,0.0000,1.0000,0.0000,6,165.01,-0.5556,0.0292,10382.5,0.0,13.0829,24.6281,32.4276,41.0107,47.9873,52.1403,54.5636,56.8124,58.4956,60.2462,62.0663,63.9584,66.7345,70.0954,76.9796,93.3038,15.0252,8.3009,3.7058
21.595,0.0000,1.0000,0.0000,6,170.43,-0.5320,-0.0534,10711.8,0.0,12.0797,21.3668,27.5368,34.3506,39.9532,43.3246,45.3056,47.1527,48.5420,49.9917,51.5050,53.0849,55.4131,58.2514,64.1246,78.3528,113.3380,11.7895,4.2544
21.816,-0.3125,1.0000,0.0000,6,175.50,-0.3827,-0.0877,11064.3,0.0,10.6638,18.5925,23.9406,29.9616,35.0171,38.1066,39.9387,41.6584,42.9583,44.3212,45.7506,47.2499,49.4727,52.2032,57.9212,72.1036,110.1730,19.1037,5.8547
22.035,0.0000,1.0000,0.0000,6,180.38,-0.2156,-0.0974,11316.1,0.0,9.3387,16.3767,21.2578,26.9050,31.7764,34.8120,36.6319,38.3540,39.6634,41.0443,42.5008,44.0368,46.3302,49.1717,55.2026,70.5512,116.3040,26.5411,7.5389
22.256,-0.2020,1.0000,0.0000,6,184.74,-0.0117,-0.0640,11690.6,0.0,8.0113,14.8322,19.9438,26.2579,32.0274,35.7571,38.0379,40.2237,41.9033,43.6890,45.5877,47.6062,50.6482,54.4572,62.6948,89.0259,121.7350,27.4180,9.1229
22.476,-0.5490,1.0000,0.0000,6,187.94,0.1027,0.0135,11906.9,0.0,7.6447,15.9846,23.2900,33.4904,43.6881,50.5901,55.1175,59.8117,63.6907,68.1141,73.2028,79.1212,88.5790,94.8433,102.5020,113.2000,42.1593,21.6454,9.3388
22.699,-0.0898,1.0000,0.0000,6,191.72,0.0765,0.0645,12040.8,0.0,8.3055,19.1011,29.7713,46.4950,69.5845,83.0866,87.1170,90.1124,92.0540,93.8693,95.5808,97.2049,99.3529,101.6550,105.6130,54.2314,27.8202,17.8113,8.6664
22.916,-0.0534,1.0000,0.0000,6,196.20,-0.0427,0.0834,12285.7,0.0,9.5756,22.8376,37.2005,66.8281,79.5749,84.1849,86.4163,88.2664,89.5367,90.7680,91.9630,93.1246,94.6980,96.4264,55.7981,35.2445,21.9879,14.8840,7.5665
23.136,0.0000,0.0000,0.1725,6,197.98,-0.2016,0.0827,12001.0,0.0,11.0193,26.7759,47.0518,66.6142,74.1335,77.4649,79.1519,80.5822,81.5792,82.5567,83.5152,84.4557,85.7431,48.4232,38.0001,26.6059,17.8170,12.3004,6.3059
23.358,0.0000,0.0000,1.0000,6,175.10,-0.2578,-0.0458,9892.6,0.0,10.1909,20.3333,29.5659,43.4141,51.2237,54.6352,56.3661,57.8376,58.8663,59.8776,60.8725,61.8517,63.1978,64.7026,67.4344,72.5814,27.8186,15.9481,6.6260
23.578,0.0000,0.0000,0.7294,6,147.34,-0.2267,-0.0102,8314.1,0.0,10.3045,21.9586,33.2135,42.4409,47.6168,50.1217,51.4363,52.5745,53.3807,54.1814,54.9765,55.7660,56.8621,58.1015,60.3873,64.8095,23.4411,14.6867,6.6295
23.796,0.0000,0.0000,0.0000,6,136.18,-0.2034,-0.0177,8307.2,0.0,10.0353,21.0968,29.1634,35.5894,39.5805,41.5952,42.6724,43.6158,44.2898,44.9639,45.6378,46.3114,47.2536,48.3288,50.3382,54.3199,60.7891,15.4787,6.8821
24.016,0.0000,1.0000,0.0000,6,140.76,-0.1787,-0.0177,8887.8,0.0,9.8293,19.4698,24.7332,29.2733,32.2701,33.8342,34.6844,35.4368,35.9788,36.5245,37.0736,37.6261,38.4049,39.3020,41.0023,44.4594,50.3147,16.6016,7.0955
24.237,-0.0670,1.0000,0.0000,6,145.56,-0.2052,0.1026,9343.9,0.0,11.0011,19.9403,24.3795,28.2210,30.7842,32.1332,32.8699,33.5240,33.9965,34.4732,34.9540,35.4389,36.1243,36.9166,38.4263,41.5289,46.8806,14.4989,6.1564
24.457,-1.0000,1.0000,0.0000,6,149.66,-0.3154,0.0799,9660.4,0.0,11.0761,18.4963,22.1596,25.3790,27.5623,28.7239,29.3622,29.9311,30.3433,30.7605,31.1824,31.6090,32.2141,32.9165,34.2636,37.0672,42.0121,49.3175,5.6237
24.677,-1.0000,0.0000,0.0000,6,144.62,-0.3175,0.0520,8827.1,0.0,10.8457,17.8342,21.3049,24.3757,26.4703,27.5887,28.2044,28.7540,29.1527,29.5563,29.9650,30.3786,30.9659,31.6485,32.9606,35.7027,40.5741,47.8418,5.7731
24.898,-1.0000,0.0000,0.0000,6,137.14,-0.2374,0.0406,8378.5,0.0,10.1436,16.7970,20.1725,23.1937,25.2712,26.3855,27.0002,27.5496,27.9486,28.3530,28.7628,29.1779,29.7678,30.4545,31.7766,34.5490,39.4986,46.9235,6.5709
25.119,-1.0000,0.0000,0.0000,6,130.16,-0.1082,0.0084,7955.5,0.0,8.9172,14.7764,17.8566,20.6777,22.6507,23.7193,24.3118,24.8430,25.2298,25.6227,26.0217,26.4266,27.0036,27.6771,28.9799,31.7346,36.7173,44.4247,8.0831
25.336,-1.0000,0.0000,0.0000,6,124.00,0.0434,-0.0297,7580.7,0.0,7.5280,12.4483,15.1414,17.6793,19.4943,20.4903,21.0464,21.5473,21.9133,22.2861,22.6658,23.0523,23.6050,24.2529,25.5144,28.2138,33.1889,42.0651,10.1508
25.558,-1.0000,0.0000,0.0000,5,118.35,0.1966,-0.0436,7882.5,0.0,6.2989,10.5681,13.0101,15.3800,17.1125,18.0756,18.6167,19.1062,19.4650,19.8315,20.2058,20.5878,21.1357,21.7805,23.0428,25.7709,31.1563,44.3889,12.1492
25.777,-1.0000,0.0000,0.0000,5,112.58,0.3339,-0.0146,7505.6,0.0,5.3811,9.4885,11.9758,14.4641,16.3168,17.3555,17.9413,18.4722,18.8620,19.2606,19.6680,20.0843,20.6818,21.3940,22.8815,26.6394,36.9778,83.1779,13.1091
25.996,-1.0000,0.0000,0.0000,5,106.63,0.4383,0.0401,7118.7,0.0,4.7927,9.1386,11.9550,14.8634,17.3246,18.9103,19.8867,20.8311,21.5647,22.3535,23.2041,24.1238,25.5447,27.3935,31.7136,46.4571,200.0000,69.9226,13.1077
26.216,-0.1103,1.0000,0.0000,5,107.55,0.5049,0.0834,8143.3,0.0,4.4296,9.1163,13.1283,19.4167,27.3973,34.5318,40.1149,46.7337,52.9830,61.1669,72.3475,88.5378,128.9560,200.0000,200.0000,130.1400,56.0990,31.4675,12.8368
26.439,-0.0898,1.0000,0.0000,5,112.30,0.5497,0.0605,8230.8,0.0,4.0631,9.9938,17.8903,42.0167,196.0510,200.0000,200.0000,200.0000,189.6120,160.9060,139.8300,123.6440,106.4120,91.8070,73.0482,51.9375,35.2075,24.4898,12.4504
26.656,0.0000,1.0000,0.0000,5,118.38,0.5177,0.0924,8218.3,0.0,4.5299,12.2135,24.7808,97.1808,200.0000,200.0000,145.2830,121.6310,108.9690,98.7018,90.2088,83.0676,74.7885,67.1518,56.3868,42.7674,30.6325,22.1336,11.8363
26.879,0.1340,1.0000,0.0000,5,124.39,0.4158,0.0650,8653.8,0.0,5.3136,13.3033,24.3478,61.3083,194.2880,200.0000,200.0000,200.0000,151.1260,130.8480,115.3760,103.1840,89.8952,78.3743,63.2176,45.6581,31.3484,21.9917,11.3032
27.095,0.0000,1.0000,0.0000,5,130.77,0.3444,0.0463,9071.6,0.0,5.8391,13.9752,24.2185,51.8951,167.1380,192.6890,199.6010,200.0000,200.0000,200.0000,146.6530,126.6030,106.2750,89.8109,69.6250,48.1065,31.8882,21.8617,10.9145
27.317,0.0000,1.0000,0.0000,5,137.43,0.2805,0.0464,9536.8,0.0,6.4100,15.3465,26.6046,57.0638,166.4560,185.5880,192.0160,196.8240,199.9220,200.0000,139.3240,120.3170,101.0340,85.4060,66.2331,45.7799,30.3545,20.8140,10.3937
27.539,0.1352,1.0000,0.0000,5,143.92,0.2226,0.0053,10028.0,0.0,6.6312,14.5491,23.0039,39.9880,72.3116,121.6000,160.5380,169.8500,174.7710,178.9920,182.7400,186.1370,190.4400,150.1150,97.7982,57.7189,34.4306,22.1931,10.3202
27.754,0.0000,1.0000,0.0000,5,150.44,0.2330,-0.0229,10400.4,0.0,6.3644,13.2577,19.9873,31.8346,49.7098,69.2215,87.5821,114.0760,143.6420,153.7580,159.8440,164.6880,170.3660,175.8840,184.5020,74.6430,39.8893,24.3484,10.7101
27.977,0.0000,1.0000,0.0000,6,154.25,0.2666,-0.0224,9724.6,0.0,6.0883,12.6940,19.1529,30.5476,47.7984,66.7094,84.5821,110.5060,136.3310,144.8990,150.5640,155.1570,160.5980,165.9260,174.3150,76.2788,40.8644,24.9719,10.9964
28.196,0.0000,1.0000,0.0000,6,159.88,0.3024,-0.0224,10070.2,0.0,5.7917,12.0761,18.2210,29.0627,45.4781,63.4760,80.4883,105.1680,127.6040,135.3130,140.6520,145.0370,150.2690,155.4270,163.6040,78.4169,42.0134,25.6750,11.3064
28.419,0.0000,1.0000,0.0000,6,165.38,0.3394,-0.0224,10405.0,0.0,5.4841,11.4348,17.2534,27.5194,43.0631,60.1053,76.2142,99.5836,118.4560,125.3720,130.3720,134.5330,139.5410,144.5130,152.4550,80.6475,43.2085,26.4053,11.6281
28.638,0.0000,1.0000,0.0000,6,170.76,0.3777,-0.0224,10731.5,0.0,5.1663,10.7721,16.2535,25.9245,40.5674,56.6219,71.7972,93.8123,108.9350,115.0990,119.7410,123.6610,128.4250,133.1910,140.8700,82.9527,44.4435,27.1601,11.9604
28.855,0.0000,1.0000,0.0000,6,176.01,0.4172,-0.0224,11050.1,0.0,4.8384,10.0884,15.2219,24.2791,37.9925,53.0280,67.2401,87.8578,99.0580,104.5000,108.7660,112.4260,116.9220,121.4600,128.8450,85.3311,45.7178,27.9388,12.3033
29.078,0.0000,1.0000,0.0000,6,181.13,0.4579,-0.0224,11360.6,0.0,4.5008,9.3844,14.1596,22.5848,35.3412,49.3275,62.5478,81.3764,88.8374,93.5853,97.4542,100.8320,105.0340,109.3200,116.3690,128.0460,47.0298,28.7406,12.6564
29.295,-0.0843,1.0000,0.0000,6,186.01,0.4881,0.0134,11683.6,0.0,4.4032,9.8180,15.7710,28.3015,54.5059,79.1836,85.1427,89.4387,92.1993,94.7731,97.1975,99.4980,102.5450,105.8200,111.4770,66.0443,40.3949,26.3971,12.4606
29.517,-0.0742,1.0000,0.0000,6,190.60,0.4223,0.0803,11960.0,0.0,5.3486,13.9399,26.9184,67.4231,83.2541,89.3891,92.4049,94.9262,96.6666,98.3612,100.0130,101.6230,103.8150,106.2330,57.0599,42.4351,29.8682,21.3143,11.2055
29.736,0.0000,1.0000,0.0000,6,195.27,0.2434,0.1066,12217.2,0.0,7.2306,20.3497,44.2381,68.8494,79.1871,83.8687,86.2589,88.2949,89.7186,91.1183,92.4945,93.8474,95.7042,51.1125,42.4997,32.8909,24.0005,17.5805,9.5849
29.958,0.0000,1.0000,0.0000,6,199.89,0.0315,0.1058,12496.7,0.0,9.2460,25.9533,46.4183,60.8386,68.8697,72.7217,74.7320,76.4655,77.6892,78.9010,80.1008,81.2883,82.9302,84.7777,35.5375,27.3850,19.9620,14.6108,7.9569
30.177,0.0000,1.0000,0.0000,6,204.39,-0.1859,0.1058,12766.3,0.0,11.3216,29.9697,42.2477,52.1933,58.3461,61.4305,63.0726,64.5055,65.5263,66.5447,67.5603,68.5723,69.9830,71.5858,74.5587,21.6136,15.7548,11.5313,6.2797
30.396,0.0000,0.0000,0.8863,6,198.67,-0.4051,0.1066,11718.1,0.0,13.3985,28.0777,36.1164,43.1089,47.7117,50.1023,51.3971,52.5398,53.3611,54.1865,55.0154,55.8473,57.0166,58.3586,60.8864,18.4639,11.6103,8.4109,4.5857
30.616,0.0000,0.0000,0.0000,6,171.24,-0.5972,0.0732,10462.5,0.0,13.6631,24.0817,29.6088,34.5913,38.0045,39.8250,40.8251,41.7162,42.3617,43.0145,43.6744,44.3410,45.2851,46.3791,48.4707,52.7858,12.2528,6.8536,3.2341
30.837,-0.6512,0.0000,0.0000,6,165.82,-0.6351,0.0348,10105.6,0.0,13.4762,22.8350,27.7267,32.1426,35.1829,36.8110,37.7080,38.5087,39.0894,39.6773,40.2723,40.8742,41.7284,42.7205,44.6250,48.5870,55.4882,7.0043,3.0377
31.056,-0.9312,0.0000,0.0000,6,157.44,-0.6359,0.1326,9602.2,0.0,14.6709,26.2936,32.1530,37.2501,40.6482,42.4285,43.3971,44.2548,44.8728,45.4947,46.1201,46.7489,47.6345,48.6537,50.5782,54.4534,7.7682,5.2666,2.7779
31.276,-0.9329,0.0000,0.0000,6,148.82,-0.6466,0.1531,9077.2,0.0,15.0002,26.9172,32.7934,37.7889,41.0501,42.7374,43.6504,44.4548,45.0322,45.6117,46.1933,46.7767,47.6010,48.5839,50.5682,11.6600,6.9592,4.8774,2.6534
31.498,-0.7137,0.0000,0.0000,6,142.71,-0.6675,0.1079,8700.9,0.0,14.4977,25.0052,30.1301,34.4940,37.3545,38.8499,39.6973,40.4762,41.0554,41.6547,42.2749,42.9172,43.8556,44.9881,47.3031,52.8489,7.9828,5.1197,2.5887
31.717,-1.0000,1.0000,0.0000,6,142.29,-0.6928,0.0636,9219.1,0.0,14.1166,23.3601,27.7746,31.6290,34.5719,36.2985,37.3026,38.2342,38.9322,39.6593,40.4172,41.2079,42.3737,43.7979,46.7696,54.2387,9.8167,5.3486,2.4875
31.935,-0.1420,1.0000,0.0000,6,145.40,-0.6906,0.0378,9400.6,0.0,13.7241,21.9834,26.5181,31.4439,35.5379,38.0552,39.5610,40.9866,42.0734,43.2228,44.4403,45.7319,47.6779,50.1248,55.4934,70.7998,132.4400,5.9815,2.5707
32.157,-0.3026,1.0000,0.0000,6,149.47,-0.6307,-0.0216,9634.4,0.0,12.6065,20.8884,26.7115,33.7481,40.2647,44.6199,47.3658,50.0700,52.2037,54.5316,57.0814,59.8862,64.3188,70.2765,85.0996,143.2090,93.9350,11.1230,3.2943
32.376,-0.0934,1.0000,0.0000,6,154.29,-0.4702,-0.0960,9803.4,0.0,11.4321,21.2720,29.3355,40.7569,53.4478,63.3848,70.3843,77.9263,84.3936,92.0390,101.2160,112.4360,130.5410,145.9730,168.9340,121.4510,28.0790,13.6164,4.9974
32.596,-0.0904,1.0000,0.0000,6,159.58,-0.3381,-0.0290,10081.7,0.0,11.0395,22.7571,33.9999,53.3289,81.4224,110.7060,128.0850,139.8870,147.4510,154.5490,161.2980,167.7750,176.4790,186.0140,97.2197,42.6625,22.1228,13.3235,5.7860
32.817,0.0000,1.0000,0.0000,6,164.80,-0.3229,0.0337,10382.2,0.0,11.6237,27.0420,45.3994,89.8317,140.3070,159.0310,168.3570,176.2460,181.7530,187.1640,95.7871,79.4557,64.1516,52.5856,39.3166,26.1686,16.8741,11.3717,5.5609
33.035,0.0000,1.0000,0.0000,6,169.91,-0.3302,-0.0390,10693.6,0.0,10.8714,22.0363,32.4587,49.7360,73.4965,96.1775,108.3470,117.8190,124.1790,130.2920,136.2110,141.9700,149.8110,158.5150,174.2530,48.3714,23.6932,13.9322,5.9188
33.255,0.0000,1.0000,0.0000,6,175.16,-0.2717,-0.0367,10997.3,0.0,10.4156,21.1937,31.3177,48.2375,71.7902,92.1147,102.1030,110.3270,115.9930,121.5230,126.9390,132.2590,139.5690,147.7560,162.7150,51.1715,25.4200,15.0334,6.4198
33.476,0.0000,1.0000,0.0000,6,180.26,-0.2056,-0.0366,11307.3,0.0,9.8754,20.0979,29.7029,45.7611,68.1268,84.9700,93.4383,100.6540,105.7220,110.7290,115.6840,120.5920,127.3930,135.0780,149.2690,55.7457,27.7095,16.3916,7.0014
33.696,0.0000,1.0000,0.0000,6,185.23,-0.1375,-0.0366,11608.7,0.0,9.3180,18.9636,28.0264,43.1783,63.8408,77.1872,84.3391,90.6049,95.0824,99.5606,104.0370,108.5110,114.7700,121.9120,135.2610,60.6025,30.0830,17.7957,7.6011
33.917,0.0000,1.0000,0.0000,6,190.07,-0.0677,-0.0366,11907.8,0.0,8.7456,17.7985,26.3044,40.5251,58.2341,68.9127,74.8930,80.2551,84.1493,88.0898,92.0713,96.0886,101.7650,108.3160,120.7350,146.1080,32.5210,19.2377,8.2170
34.136,0.0000,1.0000,0.0000,6,194.79,0.0040,-0.0366,12188.0,0.0,8.1583,16.6031,24.5375,37.7548,51.6738,60.1906,65.1121,69.6129,72.9303,76.3253,79.7937,83.3286,88.3807,94.2853,105.6670,129.2950,35.0228,20.7174,8.8489
34.355,0.0000,1.0000,0.0000,6,199.39,0.0774,-0.0366,12467.1,0.0,7.5569,15.3793,22.7289,33.7934,44.3782,51.0587,55.0118,58.6884,61.4348,64.2785,67.2153,70.2419,74.6206,79.8133,90.0269,111.9040,40.9352,22.2323,9.4959
34.579,0.0000,1.0000,0.0000,6,203.60,0.1051,0.0314,12736.3,0.0,7.8441,17.9151,27.5377,40.8227,52.9289,60.3075,64.5957,68.5404,71.4626,74.4681,77.5530,80.7140,85.2592,90.6107,101.0430,126.5600,30.7721,18.9254,9.0955
34.796,0.0000,1.0000,0.0000,6,207.98,0.0509,0.0231,12986.2,0.0,8.1516,17.1068,24.7270,34.7356,43.8943,49.6217,53.0157,56.1825,58.5566,61.0241,63.5832,66.2318,70.0876,74.6946,83.8697,105.3850,41.2057,20.1913,8.8190
35.015,-0.2714,1.0000,0.0000,6,211.98,0.0467,0.0117,13276.8,0.0,8.0950,16.6830,23.8551,33.1966,41.7517,47.1276,50.3261,53.3202,55.5711,57.9152,60.3527,62.8821,66.5742,71.0028,79.8753,104.3870,52.3662,20.9420,8.8858
35.236,0.0000,1.0000,0.0000,6,215.09,-0.0144,0.0634,13432.2,0.0,9.0768,20.2503,30.2136,43.2908,54.8653,61.8601,65.9199,69.7715,72.8172,76.1471,79.8020,83.8321,90.2230,98.8533,120.5340,200.0000,26.8616,16.5689,7.9526
35.456,0.0000,1.0000,0.0000,6,219.20,-0.0810,0.0064,13672.6,0.0,9.1191,18.4899,26.0661,35.6352,44.1800,49.4776,52.6111,55.6000,57.9565,60.5265,63.3403,66.4331,71.3182,77.8772,94.1620,162.3860,39.6163,18.4260,7.8323
35.676,-0.2924,1.0000,0.0000,6,222.28,-0.0703,0.0453,13971.3,0.0,9.3887,20.2237,29.5013,41.4882,53.8593,63.3764,69.9934,77.0432,83.0244,90.0197,98.3113,108.2930,126.2580,155.8270,200.0000,143.5790,27.8368,16.4050,7.6249
35.897,-0.0918,1.0000,0.0000,6,225.28,-0.1614,0.0784,14073.1,0.0,10.5419,23.8122,36.2607,58.6444,93.7301,133.9520,173.7760,200.0000,200.0000,200.0000,200.0000,200.0000,200.0000,145.9240,73.2783,36.7638,20.3832,13.3664,6.6661
36.116,-0.0906,1.0000,0.0000,6,228.65,-0.3273,0.1001,14283.6,0.0,12.3119,30.3198,54.3175,127.8570,200.0000,200.0000,134.1640,93.8176,77.2337,65.6372,57.0715,50.4874,43.4714,37.5198,29.8686,21.2489,14.4108,10.0390,5.2412
36.335,0.1851,1.0000,0.0000,6,232.07,-0.5399,0.0801,14502.0,0.0,14.2533,37.1313,71.6571,200.0000,193.9610,75.6346,54.7212,44.0666,38.6893,34.4840,31.1054,28.3317,25.1902,22.3607,18.4789,13.7388,9.6677,6.8978,3.6255
36.556,0.0000,1.0000,0.0000,6,235.53,-0.6575,0.0270,14681.9,0.0,14.4606,33.1627,54.8266,104.6950,200.0000,196.5440,188.3960,176.4160,112.2220,76.0086,57.4683,46.2020,36.2560,29.1016,21.2508,13.8234,8.7714,5.8544,2.8307
36.777,0.1553,1.0000,0.0000,6,239.17,-0.7251,0.0163,14892.2,0.0,14.8822,33.3734,53.9162,97.9130,194.5800,185.2380,178.7090,171.1060,162.5100,101.4260,66.0080,48.9267,35.9186,27.5520,19.1841,11.9515,7.3695,4.8379,2.2953
36.996,0.0000,1.0000,0.0000,6,242.41,-0.6884,-0.0372,15081.3,0.0,13.8212,28.0969,41.4859,63.8174,94.8103,125.4000,182.6900,179.3010,176.6430,173.7480,170.5590,166.9930,161.0660,151.4430,57.4105,22.0413,10.9122,6.4446,2.7486
37.209,0.0000,1.0000,0.0000,6,245.81,-0.6017,-0.0360,15286.1,0.0,13.1274,26.7421,39.5545,61.0194,91.0087,120.8370,167.2110,163.9950,161.4940,158.7910,155.8440,152.5900,147.3090,139.3730,70.6483,27.7592,13.8457,8.2021,3.5079
37.410,0.0000,1.0000,0.0000,6,248.89,-0.5193,-0.0360,15465.4,0.0,12.4521,25.3666,37.5202,57.8818,86.3303,155.9990,152.8520,149.8450,147.5290,145.0470,142.3710,139.4580,134.8490,128.3740,85.2541,33.5009,16.7101,9.8990,4.2337
37.611,0.0000,1.0000,0.0000,6,251.88,-0.4360,-0.0360,15635.4,0.0,11.7688,23.9748,35.4618,54.7068,81.5959,141.2460,138.3000,135.5150,133.3900,131.1340,128.7290,126.1470,122.1560,116.8240,99.4145,39.3101,19.6081,11.6159,4.9680
37.809,0.0000,1.0000,0.0000,6,254.74,-0.3516,-0.0360,15825.6,0.0,11.0774,22.5665,33.3789,51.4940,76.8050,126.2860,123.5590,121.0090,119.0840,117.0600,114.9260,112.6650,109.2440,104.8550,93.9898,45.1876,22.5404,13.3531,5.7111
38.010,0.0000,1.0000,0.0000,6,257.53,-0.2663,-0.0360,15998.8,0.0,10.3784,21.1426,31.2728,48.2451,72.5548,111.1210,108.6320,106.3340,104.6160,102.8290,100.9650,99.0165,96.1249,92.5364,84.5835,51.1304,25.5049,15.1094,6.4622
38.209,0.0000,0.0000,1.0000,6,245.36,-0.1818,-0.0349,14529.0,0.0,9.6957,19.7872,29.3118,45.3309,99.7743,95.8257,93.5863,91.5435,90.0333,88.4776,86.8736,85.2170,82.8018,79.8845,73.8365,56.2578,28.2688,16.7900,7.1980
38.410,0.0000,0.0000,1.0000,6,213.87,-0.1078,-0.0339,12546.3,0.0,9.0965,18.5949,27.5839,42.7559,85.6166,82.0423,80.0483,78.2518,76.9370,75.5956,74.2265,72.8279,70.8190,68.4440,63.7347,52.9066,30.6565,18.2510,7.8412
38.609,0.0000,0.0000,0.0000,6,188.44,-0.0447,-0.0333,11512.8,0.0,8.5837,17.5650,26.0791,79.2761,73.2384,70.0325,68.2721,66.7035,65.5665,64.4163,63.2527,62.0753,60.4048,58.4631,54.7301,46.8981,32.6809,19.5014,8.3898
38.809,0.0000,0.0000,0.0000,6,183.25,0.0122,-0.0323,11166.9,0.0,8.1240,16.6534,25.1181,67.1470,61.6653,58.8361,57.3075,55.9600,54.9923,54.0213,53.0471,52.0698,50.6979,49.1267,46.1771,40.3249,31.0866,20.5937,8.8798
39.009,0.0000,0.0000,0.0000,6,180.11,0.0662,-0.0312,10975.6,0.0,7.6880,16.1588,62.9315,55.0701,50.2367,47.8184,46.5342,45.4148,44.6188,43.8265,43.0379,42.2535,41.1634,39.9313,37.6647,33.3484,26.9844,20.1198,9.3424
39.210,0.3006,0.0000,0.0000,6,176.28,0.1681,-0.1501,10736.7,0.0,6.2681,12.4303,59.9781,53.0951,48.9138,46.8268,45.7186,44.7537,44.0676,43.3843,42.7041,42.0278,41.0879,40.0244,38.0655,34.3170,28.7004,22.3875,11.1305
39.410,0.5056,0.0000,0.0000,6,170.58,0.3604,-0.1924,10385.9,0.0,4.6940,8.5711,12.7588,53.6327,49.8988,48.0557,47.0799,46.2294,45.6240,45.0204,44.4188,43.8193,42.9841,42.0357,40.2777,36.8671,31.6083,25.3959,13.1409
39.610,0.5089,0.0000,0.0000,6,164.93,0.5257,-0.1698,10044.2,0.0,3.5305,6.5253,9.6343,50.6519,47.1553,45.4591,44.5695,43.7990,43.2534,42.7119,42.1745,41.6414,40.9019,40.0663,38.5285,35.5681,31.0049,25.5428,14.1389
39.811,0.7580,0.0000,0.0000,6,159.53,0.6534,-0.1362,9722.2,0.0,2.6410,5.0436,7.6131,47.6565,44.2876,42.6758,41.8362,41.1127,40.6024,40.0976,39.5983,39.1046,38.4223,37.6553,36.2549,33.6002,29.6025,24.8673,14.6181
40.010,1.0000,0.0000,0.0000,6,152.93,0.7410,-0.1247,9328.6,0.0,1.9881,3.8063,5.6710,47.1164,43.6490,42.0056,41.1537,40.4225,39.9080,39.4000,38.8986,38.4037,37.7220,36.9587,35.5714,32.9679,29.1138,24.6526,15.0332
40.209,0.0000,0.0000,0.0000,6,145.86,0.7926,-0.1184,8899.8,0.0,1.5980,3.0631,4.5331,9.2680,44.7771,42.9962,42.0763,41.2880,40.7344,40.1888,39.6510,39.1212,38.3925,37.5781,36.1038,33.3562,29.3397,24.7731,15.2359
40.410,0.6820,1.0000,0.0000,6,147.26,0.8003,-0.0124,9325.0,0.0,1.6958,4.0291,51.0593,44.1867,40.5259,38.8217,37.9466,37.2000,36.6773,36.1633,35.6581,35.1615,34.4810,33.7236,32.3600,29.8477,26.2432,22.2425,14.1844
40.609,0.7190,1.0000,0.0000,6,149.66,0.7352,0.0238,9644.2,0.0,2.3436,6.4520,51.3924,43.9414,40.0199,38.2082,37.2814,36.4928,35.9420,35.4014,34.8710,34.3505,33.6386,32.8485,31.4326,28.8449,25.1849,21.2022,13.4537
40.809,0.8888,0.0000,0.0000,6,146.20,0.6288,0.0096,8920.5,0.0,3.2471,8.9832,55.5692,46.8753,42.3182,40.2203,39.1494,38.2396,37.6049,36.9826,36.3728,35.7753,34.9593,34.0553,32.4401,29.5078,25.4131,21.0454,12.8837
41.009,0.7216,1.0000,0.0000,6,143.16,0.5272,-0.0293,9542.7,0.0,3.9791,9.8872,63.6819,52.4407,46.9529,44.4246,43.1341,42.0376,41.2731,40.5239,39.7899,39.0709,38.0895,37.0034,35.0659,31.5626,26.7176,21.6432,12.5650
41.211,0.0000,1.0000,0.0000,6,146.23,0.4412,-0.0153,9540.2,0.0,4.7810,12.8379,68.7122,52.9627,46.6998,44.0079,42.6387,41.4780,40.6701,39.8799,39.1069,38.3509,37.3213,36.1849,34.1659,30.5457,25.6132,20.5538,11.7996
41.409,1.0000,1.0000,0.0000,6,150.56,0.3565,0.0410,9599.0,0.0,5.8777,140.4810,66.1418,48.3032,41.7018,39.0712,37.7866,36.7030,35.9519,35.2195,34.5055,33.8095,32.8649,31.8274,29.9974,26.7572,22.4264,18.0732,10.6685
41.609,1.0000,1.0000,0.0000,6,151.77,0.2770,-0.0264,9954.6,0.0,6.1261,16.2371,193.2640,79.6027,58.9869,52.2699,49.2898,46.9550,45.4223,43.9897,42.6478,41.3885,39.7503,38.0366,35.2093,30.7088,25.0912,19.5642,10.6789
41.810,0.0000,1.0000,0.0000,6,154.30,0.2312,-0.0523,10018.0,0.0,6.3429,15.2124,43.9141,200.0000,117.3670,88.5149,78.2736,71.0880,66.7192,62.8606,59.4284,56.3556,52.5578,48.8077,43.0689,34.9294,26.6916,20.2172,10.5866
42.009,0.0000,1.0000,0.0000,6,159.45,0.1985,0.0372,10030.0,0.0,7.2853,22.9375,68.9125,200.0000,99.1021,74.5239,65.8338,59.7470,56.0505,52.7886,49.8891,47.2949,44.0908,40.9293,36.0958,29.2498,22.3322,16.9451,9.5471
42.209,0.3524,1.0000,0.0000,6,163.90,0.0840,0.0799,10374.3,0.0,8.6831,24.3257,52.4729,200.0000,184.9720,106.3230,86.6871,74.6379,67.9025,62.2864,57.5324,53.4564,48.6385,44.1037,37.5583,29.0101,21.1300,15.4566,8.4105
42.409,0.0000,1.0000,0.0000,6,168.09,-0.0271,0.0341,10586.3,0.0,9.0286,21.0234,35.3291,70.0663,172.6120,200.0000,200.0000,200.0000,200.0000,171.2000,136.3320,113.2710,91.5929,75.1660,56.2737,37.5044,24.2065,16.3224,7.9873
42.610,0.0000,1.0000,0.0000,6,172.67,-0.0871,0.0353,10855.0,0.0,9.5683,22.3396,37.6504,75.1931,189.1300,200.0000,200.0000,200.0000,200.0000,155.1160,124.3980,103.8410,84.3402,69.4479,52.1959,34.9228,22.6036,15.2678,7.4864
42.809,0.0000,1.0000,0.0000,6,177.14,-0.1433,0.0347,11126.1,0.0,10.0560,23.4444,39.4502,78.4899,195.1970,200.0000,200.0000,200.0000,198.2070,148.3190,118.5020,98.6725,79.9529,65.7165,49.2882,32.9083,21.2676,14.3521,7.0297
43.011,0.0000,1.0000,0.0000,6,181.52,-0.1999,0.0342,11385.1,0.0,10.5486,24.5698,41.3015,81.9718,200.0000,200.0000,200.0000,200.0000,188.2370,140.2640,111.7830,92.9227,75.1750,61.7152,46.2232,30.8191,19.8976,13.4194,6.5682
43.210,0.0000,1.0000,0.0000,6,185.80,-0.2572,0.0339,11642.3,0.0,11.0481,25.7122,43.1839,85.5284,200.0000,200.0000,200.0000,200.0000,177.3220,131.6370,104.6760,86.8876,70.1960,57.5675,43.0649,28.6789,18.5000,12.4703,6.0999
43.411,0.0000,1.0000,0.0000,6,189.98,-0.3152,0.0334,11897.1,0.0,11.5523,26.8585,45.0597,89.0114,200.0000,200.0000,200.0000,200.0000,166.5310,123.0320,97.5575,80.8274,65.1859,53.3883,39.8779,26.5165,17.0866,11.5101,5.6258
43.609,0.0000,1.0000,0.0000,6,194.06,-0.3738,0.0329,12143.4,0.0,12.0607,28.0112,46.9400,92.4760,200.0000,200.0000,200.0000,200.0000,155.3160,114.1520,90.2419,74.6180,60.0666,49.1268,36.6361,24.3223,15.6550,10.5385,5.1467
43.809,0.0937,1.0000,0.0000,6,197.97,-0.4288,0.0115,12396.6,0.0,12.2659,27.2456,43.6000,77.6375,147.1640,200.0000,200.0000,200.0000,200.0000,200.0000,169.2280,118.2780,83.2137,62.1638,42.1810,25.7102,15.6371,10.1866,4.7919
44.009,0.0000,1.0000,0.0000,6,201.82,-0.4330,-0.0068,12611.4,0.0,12.0772,25.8973,40.0708,66.8449,112.3220,170.5250,200.0000,200.0000,200.0000,200.0000,200.0000,200.0000,148.8210,92.4075,54.0339,29.5560,16.9054,10.6610,4.8445
44.210,0.0000,1.0000,0.0000,6,205.62,-0.4211,-0.0066,12841.4,0.0,11.9795,25.6974,39.7755,66.3952,111.6880,169.7990,200.0000,200.0000,200.0000,200.0000,200.0000,200.0000,150.5940,93.8234,54.9881,30.1222,17.2425,10.8778,4.9450
44.409,0.0000,1.0000,0.0000,6,209.34,-0.4082,-0.0068,13069.3,0.0,11.8692,25.4523,39.3841,65.7048,110.4220,167.6700,200.0000,200.0000,200.0000,200.0000,200.0000,200.0000,155.1340,96.3685,56.3666,30.8377,17.6403,11.1250,5.0556
44.610,0.0000,1.0000,0.0000,6,212.98,-0.3950,-0.0068,13282.5,0.0,11.7566,25.2088,39.0040,65.0606,109.3110,165.9280,200.0000,200.0000,200.0000,200.0000,196.8720,192.2570,158.9540,98.6619,57.6763,31.5432,18.0405,11.3763,5.1693
44.809,0.0000,1.0000,0.0000,6,216.52,-0.3814,-0.0068,13507.3,0.0,11.6420,24.9629,38.6233,64.4250,108.2410,164.3010,196.6150,193.6760,191.2570,188.4780,185.1790,180.9930,162.5480,100.8870,58.9753,32.2528,18.4461,11.6321,5.2855
45.009,0.0000,1.0000,0.0000,6,219.99,-0.3675,-0.0068,13717.2,0.0,11.5254,24.7128,38.2364,63.7797,107.1570,186.8590,184.0810,181.2640,178.9670,176.3520,173.2900,169.5060,160.3680,103.1440,60.2944,32.9742,18.8587,11.8922,5.4037
45.209,0.0000,1.0000,0.0000,6,223.38,-0.3535,-0.0068,13930.0,0.0,11.4071,24.4592,37.8440,63.1252,106.0570,174.0130,171.3380,168.6520,166.4810,164.0350,161.2100,157.8030,150.6840,105.4330,61.6323,33.7059,19.2772,12.1561,5.5236
45.409,0.0000,1.0000,0.0000,6,226.71,-0.3393,-0.0068,14137.5,0.0,11.2872,24.2020,37.4460,62.4612,104.9420,160.9490,158.3880,155.8430,153.8050,151.5310,148.9430,145.8920,140.0550,107.7540,62.9893,34.4481,19.7017,12.4238,5.6452
45.609,0.0000,1.0000,0.0000,6,230.00,-0.3248,-0.0068,14328.3,0.0,11.1652,23.9405,37.0415,61.7865,103.8080,147.6710,145.2340,142.8390,140.9400,138.8440,136.4920,133.7790,128.9130,110.1140,64.3686,35.2024,20.1331,12.6958,5.7689
45.809,0.0000,1.0000,0.0000,6,233.22,-0.3101,-0.0068,14529.4,0.0,11.0417,23.6759,36.6324,61.1051,102.6660,134.1750,131.8760,129.6420,127.8890,125.9750,123.8580,121.4670,117.3890,109.6570,65.7609,35.9651,20.5697,12.9713,5.8941
46.009,0.0000,1.0000,0.0000,6,236.38,-0.2953,-0.0067,14724.3,0.0,10.9174,23.4132,36.2315,60.4536,123.9950,120.4520,118.3030,116.2400,114.6390,112.9110,111.0260,108.9400,105.5250,100.2050,67.0825,36.7118,21.0039,13.2474,6.0206
46.210,0.0000,0.4274,0.0000,6,239.18,-0.2803,-0.0066,14704.9,0.0,10.7931,23.1528,35.8373,59.8225,109.8310,106.5070,104.5250,102.6450,101.2050,99.6670,98.0138,96.2184,93.3824,89.3874,68.3497,37.4433,21.4337,13.5221,6.1471
46.410,0.0000,0.0000,0.5372,6,229.50,-0.2660,-0.0054,13774.5,0.0,10.6841,22.9682,35.6221,59.6824,95.6141,92.5253,90.7156,89.0211,87.7373,86.3829,84.9465,83.4128,81.0585,77.9439,68.3291,37.8157,21.7400,13.7452,6.2626
46.610,0.0000,0.0000,1.0000,6,203.16,-0.2544,-0.0040,11785.1,0.0,10.6013,22.8504,35.5264,87.3963,82.4421,79.6044,77.9699,76.4588,75.3272,74.1465,72.9103,71.6104,69.6621,67.1972,61.3318,37.9548,21.9329,13.9037,6.3522
46.810,0.0000,0.7725,0.0000,6,191.77,-0.2450,-0.0053,11919.5,0.0,10.5092,22.5995,35.0609,75.4103,70.8161,68.2599,66.8127,65.4923,64.5149,63.5064,62.4636,61.3829,59.7974,57.8612,53.7227,38.8367,22.3414,14.1300,6.4401
47.009,0.0000,0.9333,0.0000,6,195.75,-0.2347,-0.0052,12223.4,0.0,10.4233,22.4190,34.7931,63.2260,59.0456,56.7909,55.5377,54.4096,53.5844,52.7422,51.8817,51.0017,49.7340,48.2282,45.2041,37.7750,22.6352,14.3185,6.5273
47.210,0.0619,0.0000,0.0000,6,192.78,-0.2239,-0.0066,11746.2,0.0,10.3173,22.1316,56.6114,50.9344,47.2694,45.3609,44.3216,43.3997,42.7339,42.0619,41.3835,40.6986,39.7285,38.6033,36.4423,31.8853,23.1158,14.5829,6.6292
47.411,0.6267,0.0000,0.0000,6,186.99,-0.1331,-0.1819,11382.6,0.0,8.2575,13.8401,19.2306,49.3064,46.1171,44.6777,43.9061,43.2278,42.7417,42.2543,41.7657,41.2760,40.5889,39.8015,38.3206,35.3517,30.4436,23.8973,9.1646
47.609,0.0000,1.0000,0.0000,6,184.88,0.1578,-0.3243,12034.5,0.0,5.6441,9.0170,12.7419,46.6233,42.5648,40.8291,39.9710,39.2553,38.7631,38.2859,37.8233,37.3744,36.7683,36.1057,34.9330,32.6500,29.0006,24.3452,13.0320
47.810,1.0000,1.0000,0.0000,6,188.71,0.4810,-0.1046,11860.8,0.0,4.1680,63.9733,43.5397,35.7090,32.3350,30.9062,30.2029,29.6178,29.2162,28.8275,28.4512,28.0867,27.5953,27.0591,26.1213,24.4626,21.9881,19.0220,12.2679
48.009,1.0000,0.0000,0.0000,6,181.44,0.4522,0.0278,11067.4,0.0,5.1548,114.2600,63.3380,41.9276,34.9592,32.3068,31.0586,30.0476,29.3675,28.7196,28.1018,27.5120,26.7301,25.8938,24.4712,22.0901,19.1100,16.2518,10.9923
48.209,1.0000,0.0000,0.0000,6,170.46,0.1644,0.1127,10397.9,0.0,8.4696,28.5937,137.8340,98.5993,78.5328,62.3252,55.4930,50.6435,47.6721,45.0332,42.6742,40.5530,37.9192,35.3050,31.2787,25.5137,19.6132,14.9649,8.6780
48.409,0.0000,1.0000,0.0000,6,169.63,-0.1752,0.1002,11032.6,0.0,11.1426,30.7475,64.9442,102.6850,84.3169,74.6265,68.0567,59.8539,54.1595,49.4577,45.5104,42.1496,38.2048,34.5189,29.2445,22.4365,16.2396,11.8241,6.3914
48.609,0.0813,1.0000,0.0000,6,174.64,-0.3913,0.1128,10979.2,0.0,13.3988,38.4586,123.6540,82.8230,65.8435,52.8347,43.9779,38.3577,35.1522,32.4434,30.1243,28.1167,25.7201,23.4410,20.1106,15.6869,11.5325,8.4952,4.6694
48.809,0.1023,1.0000,0.0000,6,176.96,-0.5115,-0.0381,11424.5,0.0,12.3643,25.1009,37.0201,144.0260,112.1130,97.4998,90.5638,85.2698,81.8593,78.7168,75.8123,73.1199,69.6650,65.8397,58.0052,34.8849,17.1853,10.1287,4.3120
49.009,0.0000,1.0000,0.0000,6,181.30,-0.4678,-0.0805,11371.0,0.0,11.5626,21.9872,30.8044,154.8390,122.0760,106.8400,99.1272,92.6502,88.1920,83.9916,80.1776,76.7006,72.3191,67.8988,60.9467,48.5987,24.8334,12.8502,4.9278
49.209,0.0000,1.0000,0.0000,6,185.64,-0.3404,-0.0782,11625.5,0.0,10.5796,20.1851,28.7633,137.6780,106.7590,92.7810,85.8318,80.0694,76.1601,72.5781,69.3229,66.3521,62.6040,58.8176,52.8525,43.3857,28.9976,15.7852,6.0913
49.411,0.0000,1.0000,0.0000,6,189.86,-0.2038,-0.0790,11802.7,0.0,9.4950,18.3438,31.5071,121.8760,92.8962,80.2006,74.0075,68.9378,65.5394,62.4429,59.6302,57.0641,53.8280,50.5605,45.4156,37.7745,28.0037,18.5477,7.3597
49.609,0.0000,1.0000,0.0000,6,193.73,-0.0543,-0.0883,12098.9,0.0,8.3333,18.6128,174.2710,110.2250,82.7080,70.9710,65.3344,60.7668,57.7124,54.8486,52.2491,49.8886,46.9265,43.9521,39.3023,32.4959,25.1810,18.3925,8.6713
49.809,0.0000,1.0000,0.0000,6,196.06,0.1050,-0.1283,12285.5,0.0,6.9069,14.1058,23.9091,49.9493,144.9000,125.1020,116.5830,109.5250,104.6160,99.8285,95.1693,90.6474,84.5603,77.9768,66.7795,49.0394,32.2346,21.9559,10.3184
50.009,0.0000,1.0000,0.0000,6,199.68,0.2135,-0.0111,12491.8,0.0,6.7754,16.0999,27.6728,200.0000,127.1600,109.9510,102.3340,95.9476,91.5473,87.2898,83.1814,79.2276,73.9592,68.3319,58.9229,44.3341,29.6882,20.2698,10.0689
50.209,0.3884,1.0000,0.0000,6,203.03,0.1595,0.0128,12775.7,0.0,7.2251,16.0888,25.8554,200.0000,136.3400,114.3360,105.3000,98.5047,94.1059,89.8562,85.7514,81.7958,76.5166,70.8643,61.3731,46.5191,31.2218,20.6053,9.7150
50.411,0.0000,1.0000,0.0000,6,206.08,0.1884,-0.0563,12882.9,0.0,6.5290,12.8729,18.7648,29.8203,200.0000,200.0000,165.5060,139.0180,129.1390,120.8760,113.6170,107.1880,99.3315,91.6698,79.8909,60.8483,40.0700,25.4288,10.7040
50.609,0.0000,1.0000,0.0000,6,209.62,0.2870,-0.0526,13086.6,0.0,5.7818,11.8383,18.0705,32.3221,200.0000,178.0400,137.5800,121.3750,113.2890,106.2230,99.9938,94.4617,87.6815,81.0479,70.9378,55.1001,37.9066,25.2853,11.4058
50.811,0.0000,1.0000,0.0000,6,213.06,0.3599,-0.0219,13328.7,0.0,5.3414,11.5409,18.6492,45.3345,200.0000,158.9110,121.5190,108.0120,100.8150,94.5236,88.9785,84.0536,78.0176,72.1126,63.1813,49.8784,35.4282,24.4851,11.6688
51.009,0.0000,1.0000,0.0000,6,216.21,0.4245,-0.0529,13492.5,0.0,4.6616,9.4784,14.2874,24.1130,130.1770,200.0000,200.0000,200.0000,195.2410,180.0500,164.8120,146.0190,113.0150,97.7703,80.4165,59.4461,41.1792,27.7454,12.6119
51.209,0.0000,1.0000,0.0000,6,219.55,0.4893,-0.0178,13687.1,0.0,4.2744,9.2417,14.8258,30.7765,200.0000,200.0000,200.0000,191.5050,175.8540,162.1700,147.2380,128.5220,100.4240,87.1721,72.0208,53.5573,37.6872,26.3401,12.7138
51.409,0.0000,1.0000,0.0000,6,222.80,0.4927,0.0144,13854.0,0.0,4.3867,10.1526,17.7821,52.8894,200.0000,200.0000,200.0000,177.0810,162.6060,149.9240,136.3250,120.3050,93.2217,79.5720,65.4423,48.6625,34.2472,24.4137,12.3551
51.609,0.0000,1.0000,0.0000,6,225.90,0.4289,0.0470,14026.0,0.0,5.1191,12.9285,24.9511,72.5922,200.0000,200.0000,185.6960,162.5130,149.2210,137.5520,125.2670,111.5060,87.0068,72.3764,58.7868,43.7080,30.7573,21.9454,11.4891
51.812,0.0000,1.0000,0.0000,6,228.77,0.2952,0.0799,14248.6,0.0,6.5230,16.9917,32.7869,77.7579,200.0000,200.0000,168.7860,147.7050,135.6180,124.9780,113.9740,102.1580,82.6676,65.7600,52.1695,38.6823,27.2186,19.4195,10.2064
52.010,0.0000,1.0000,0.0000,6,231.27,0.1524,0.0188,14400.6,0.0,7.3316,16.5275,26.8428,47.6243,71.9609,200.0000,200.0000,200.0000,200.0000,200.0000,200.0000,183.9820,157.0800,134.6090,104.4690,51.1853,30.5554,20.1402,9.5993
52.211,0.0000,1.0000,0.0000,6,234.00,0.0972,0.0220,14551.3,0.0,7.8344,17.7764,28.8087,47.3835,71.0892,196.3210,200.0000,200.0000,200.0000,200.0000,200.0000,165.6700,142.3310,122.6130,96.6817,52.7596,28.9062,19.0123,9.1122
52.409,0.0000,1.0000,0.0000,6,236.62,0.0491,0.0221,14727.2,0.0,8.2534,18.4492,28.5146,44.1624,70.9998,185.9840,196.2400,200.0000,200.0000,200.0000,200.0000,155.3920,133.5320,115.0550,91.3762,57.6379,29.2821,18.4101,8.7112
52.609,0.0000,1.0000,0.0000,6,239.20,0.0043,0.0122,14845.2,0.0,8.4989,18.0600,26.8424,41.3248,93.4798,175.2120,184.4710,193.0280,199.6620,200.0000,200.0000,145.1990,124.7810,107.5210,85.4143,57.8358,32.0249,18.8662,8.4717
52.811,0.0000,1.0000,0.0000,6,241.57,0.0081,-0.0156,15041.5,0.0,8.2411,16.7421,24.6769,40.4088,142.2060,164.1820,172.6120,180.6220,186.8320,193.4990,200.0000,134.8120,115.8710,99.8571,79.3410,55.6508,33.9219,20.6356,8.7505
53.011,0.0000,1.0000,0.0000,6,243.94,0.0747,-0.0435,15334.3,0.0,7.5227,15.4509,23.6884,43.2664,136.3970,152.8870,160.6240,168.0800,173.8600,180.0670,186.7470,124.3540,106.8990,92.1359,73.2168,51.9780,33.7037,21.6825,9.5392
53.211,0.0000,1.0000,0.0000,6,246.56,0.1584,-0.0233,15608.9,0.0,7.0141,15.1407,24.4857,53.7991,127.6340,141.2350,148.3640,155.2450,160.5800,166.3080,172.4730,179.1270,98.1461,84.5675,67.1770,47.6742,32.0463,21.4863,9.9894
53.409,0.0000,1.0000,0.0000,6,249.53,0.1790,0.0053,15593.8,0.0,7.0411,16.1365,28.2237,65.7489,117.9430,129.4770,136.0100,142.3160,147.2040,152.4520,158.1010,164.1970,89.1886,76.8345,61.0201,43.2940,29.2987,20.2605,9.8817
53.609,0.0000,1.0000,0.0000,6,252.32,0.1329,0.0344,15670.0,0.0,7.6731,18.7305,33.4363,77.8735,107.6680,117.6250,123.5590,129.2870,133.7270,138.4940,143.6250,149.1620,80.0421,68.9521,54.7578,38.8481,26.2886,18.2648,9.2426
53.811,0.0000,1.0000,0.0000,6,254.86,0.0196,0.0569,15824.3,0.0,8.8355,21.6820,38.7039,79.1822,96.9429,105.6540,110.9840,116.1290,120.1170,124.3990,129.0070,133.9800,71.2746,60.9767,48.4227,34.3527,23.2460,16.1507,8.1988
54.011,0.0000,0.0000,0.0000,6,251.02,-0.1142,0.0578,15286.1,0.0,10.0517,24.7231,44.2562,72.6490,86.2468,93.9942,98.7536,103.3490,106.9120,110.7390,114.8590,119.3060,126.1620,52.4854,41.7602,29.6909,20.1264,13.9994,7.1171
54.209,0.0000,0.0000,0.0000,6,245.17,-0.2476,0.0595,14934.0,0.0,11.2762,27.8485,48.0637,64.8763,75.9254,82.7887,87.0082,91.0849,94.2477,97.6457,101.3060,105.2600,111.3580,45.2233,35.0161,24.9906,16.9922,11.8433,6.0365
54.409,0.0000,0.0000,0.1882,6,238.78,-0.3815,0.0610,14482.1,0.0,12.5089,30.8802,44.3806,56.4894,65.7966,71.7795,75.4604,79.0189,81.7810,84.7497,87.9493,91.4070,96.7444,103.6820,28.4714,20.3687,13.8886,9.6982,4.9550
54.609,0.0000,0.0000,1.0000,6,213.09,-0.5103,0.0623,12436.9,0.0,13.6945,29.5061,38.8921,48.2461,56.2227,61.3598,64.5224,67.5811,69.9562,72.5103,75.2637,78.2407,82.8384,88.8199,124.3060,16.0510,10.9468,7.6556,3.9190
54.809,0.0000,0.0000,1.0000,6,184.27,-0.6243,0.0628,10711.0,0.0,14.2483,26.1577,33.2865,40.9666,47.7523,52.1241,54.8164,57.4206,59.4433,61.6184,63.9641,66.5005,70.4186,75.5177,113.8480,108.4550,9.1438,5.9182,3.0051
55.010,-0.0871,0.0000,0.0549,6,157.53,-0.6818,-0.0222,9610.7,0.0,13.3112,22.6213,28.3464,34.9327,40.7702,44.5386,46.8620,49.1117,50.8603,52.7421,54.7732,56.9711,60.3707,64.8015,75.1868,100.0950,85.8236,7.3076,2.8049
55.209,-0.0753,0.0000,0.0000,6,150.00,-0.5983,-0.0558,9143.4,0.0,12.4756,21.5599,28.0761,36.2404,44.1028,49.5282,53.0220,56.5195,59.3201,62.4180,65.8621,95.6483,94.7573,93.6532,91.3033,85.1253,39.1043,10.5832,3.6700
55.410,-0.0739,0.0000,1.0000,5,137.18,-0.4712,-0.0989,6127.1,0.0,11.1934,19.7106,26.1806,34.6250,43.1378,49.2441,53.2818,57.4100,62.2082,87.1314,86.5357,85.9113,84.9861,83.8500,81.4597,75.3485,43.4398,16.0009,5.1007
55.610,-0.0512,0.0000,0.0000,5,123.69,-0.2923,-0.1432,5983.3,0.0,9.6827,16.9609,22.4515,29.5668,36.6815,41.7492,45.0841,48.4802,51.2421,80.2517,79.7264,79.1791,78.3743,77.3958,75.3751,70.4384,57.0949,22.6682,7.0894
55.811,-0.2786,0.0000,0.0000,5,116.71,-0.1377,-0.0919,7768.0,0.0,8.8767,16.6102,22.9989,32.1308,42.3936,73.2378,72.4346,71.6935,71.1412,70.5688,69.9757,69.3607,68.4608,67.3725,65.1518,59.8307,44.1232,21.7919,8.0936
56.011,-0.0588,0.1333,0.0000,5,114.59,-0.0876,0.0472,7670.6,0.0,9.6970,23.2558,41.1033,62.7917,58.9912,56.8071,55.5536,54.3988,53.5373,52.6442,51.7157,50.7474,49.3155,47.5527,43.7143,32.4785,21.5676,14.8031,7.4009
56.209,0.0000,1.0000,0.0000,5,119.22,-0.1300,0.0605,8310.9,0.0,10.2256,25.3173,59.7522,54.6858,50.9711,48.8922,47.7138,46.6390,45.8454,45.0279,44.1838,43.3112,42.0388,40.4986,37.2832,28.7350,19.5741,13.6595,6.9730
56.411,0.0898,0.0000,0.0000,5,120.10,-0.1799,0.0074,7990.4,0.0,10.0867,22.2226,54.5342,50.2213,47.1869,45.5343,44.6134,43.7849,43.1804,42.5648,41.9377,41.2983,40.3822,39.3061,37.1949,32.5373,22.8718,14.7965,6.9078
56.611,0.0523,0.0000,0.6706,4,106.95,-0.1775,-0.0311,5916.6,0.0,9.6948,19.9121,48.7733,44.9318,42.3363,40.9519,40.1919,39.5145,39.0233,38.5260,38.0224,37.5135,36.7919,35.9543,34.3448,30.9889,25.0387,16.6716,7.2065
56.810,0.3654,0.0000,0.0000,4,97.53,-0.1541,-0.0645,7224.6,0.0,9.2175,18.9991,43.5607,40.0586,37.7723,36.5783,35.9278,35.3521,34.9375,34.5201,34.0999,33.6770,33.0803,32.3922,31.0892,28.4444,24.0213,18.1887,7.6897
57.009,0.3029,0.0000,0.0000,4,95.65,-0.0407,-0.2424,7084.1,0.0,7.2932,11.6600,17.1464,40.5527,38.8621,37.9686,37.4789,37.0441,36.7309,36.4157,36.0986,35.7794,35.3294,34.8106,33.8256,31.8125,28.3723,23.6045,11.0569
57.209,0.2823,0.0000,0.0000,4,93.45,0.1966,-0.4159,6923.1,0.0,5.1693,7.3063,8.9691,11.5331,38.0577,37.4404,37.0986,36.7925,36.5697,36.3436,36.1141,35.8813,35.5496,35.1626,34.4217,32.8880,30.2241,26.4588,14.9445
57.410,0.1915,0.0000,0.0000,4,91.75,0.5368,-0.4624,6791.0,0.0,2.9489,4.1346,4.9586,5.9643,6.9719,7.7504,8.3379,9.0750,9.9640,33.7034,33.5386,33.3706,33.1299,32.8475,32.3039,31.1650,29.1376,26.2025,16.8757
57.610,-0.2366,0.0000,0.0000,4,91.33,0.8285,-0.2763,6767.1,0.0,1.1873,1.8972,2.4260,3.1433,3.9872,4.8230,5.9461,28.8110,28.6728,28.5327,28.3909,28.2472,28.0431,27.8060,27.3549,26.4325,24.8483,22.6443,16.0404
57.811,1.0000,0.0000,0.0000,4,90.50,0.9560,-0.0789,6705.6,0.0,0.3492,0.6886,1.0177,1.6827,24.7529,24.4262,24.2488,24.0918,23.9787,23.8649,23.7502,23.6349,23.4721,23.2844,22.9279,22.2071,21.0122,19.3869,14.7345
58.010,1.0000,0.0000,0.0000,4,86.17,0.9791,-0.1230,6418.3,0.0,0.1594,0.2905,0.3981,0.5548,0.7435,0.9127,1.0531,1.2432,1.4842,22.7717,22.6316,22.4950,22.3092,22.1047,21.7424,21.0945,20.2005,19.0007,14.9564
58.214,1.0000,0.0000,0.0000,4,77.32,0.9499,-0.2271,5835.7,0.0,0.3558,0.5820,0.7469,0.9602,1.1818,1.3522,1.4746,1.6122,1.7391,1.9081,2.1718,55.5709,29.3572,27.1008,25.3790,23.5755,21.3302,19.0381,14.9242
58.417,0.0000,1.0000,0.0000,3,71.11,0.8660,-0.1229,8534.0,0.0,1.0494,3.6762,26.0979,31.4428,34.3610,35.7759,36.5200,37.1656,37.6247,38.0822,38.5379,38.9918,39.6242,40.3425,41.6818,44.3303,48.6861,20.2754,13.4563
58.616,-0.9366,1.0000,0.0000,3,75.49,0.5856,0.2089,14639.7,0.0,4.5616,16.9679,22.7093,26.5640,28.8440,29.9774,30.5823,31.1117,31.4897,31.8676,32.2452,32.6225,33.1509,33.7557,34.8915,37.1671,40.9893,46.4252,11.3476
58.817,0.0000,1.0000,0.0000,3,88.85,0.2169,0.3594,15395.8,0.0,11.2102,22.9918,26.9332,29.9222,31.7833,32.7337,33.2458,33.6967,34.0203,34.3451,34.6715,34.9995,35.4613,35.9925,36.9979,39.0479,42.5818,11.4632,8.0181
59.012,-0.2094,1.0000,0.0000,4,94.88,-0.1525,0.4497,12644.2,0.0,14.1993,22.9703,26.1970,28.7455,30.3734,31.2163,31.6734,32.0775,32.3687,32.6623,32.9581,33.2561,33.6769,34.1629,35.0885,37.0000,9.5346,7.3582,5.3854
59.212,-0.0658,0.0000,0.0000,4,99.99,-0.5575,0.4946,7396.5,0.0,14.9771,22.2637,25.1333,27.4695,28.9939,29.7910,30.2263,30.6130,30.8925,31.1748,31.4597,31.7474,32.1546,32.6268,33.5322,35.4271,5.6517,4.2401,2.8117
59.412,-0.0883,0.0000,0.0000,4,99.85,-0.7409,0.1018,7097.1,0.0,13.3997,18.7644,21.0463,22.9685,24.2513,24.9319,25.3060,25.6397,25.8817,26.1268,26.3749,26.6261,26.9832,27.3991,28.2020,29.9032,33.3740,5.9191,2.0839
59.614,-0.8639,0.0000,0.0000,4,98.47,-0.7094,-0.0817,7285.9,0.0,12.2129,16.7817,18.8397,20.6188,21.8273,22.4754,22.8335,23.1540,23.3871,23.6236,23.8637,24.1079,24.4610,24.8821,25.7258,27.6576,31.8322,41.0119,2.8787
59.812,-0.9449,0.0000,0.0000,4,95.71,-0.5995,-0.1006,7093.8,0.0,11.5025,16.2719,18.5150,20.5941,22.1700,23.0769,23.5984,24.0784,24.4357,24.8056,25.1889,25.5861,26.1672,26.8696,28.3090,31.7780,40.2330,63.2777,4.1055
60.012,-0.1901,1.0000,0.0000,4,96.19,-0.4880,-0.0336,8077.9,0.0,11.2941,17.4350,21.2834,25.5501,29.1681,31.4261,32.7892,34.0884,35.0846,36.1436,37.2715,38.4750,40.3021,42.6231,47.8104,59.8651,79.8075,39.0824,4.7814
60.210,-0.0787,1.0000,0.0000,4,102.10,-0.3703,-0.0348,8512.8,0.0,10.5974,18.8515,25.2067,33.6190,42.2381,47.9282,51.0042,53.7088,55.6465,57.5879,59.5323,61.4788,64.2060,67.3241,73.1663,85.0507,46.6306,17.9979,5.9024
60.411,-0.0509,1.0000,0.0000,4,109.14,-0.2554,-0.0214,8502.6,0.0,10.4316,21.7874,32.9226,48.6799,59.3301,64.7906,67.7262,70.3043,72.1501,73.9987,75.8493,77.7857,80.8825,85.2553,160.0660,138.7880,23.8990,14.6352,6.4578
60.610,0.0000,1.0000,0.0000,4,116.57,-0.2087,-0.0304,9253.6,0.0,9.9576,20.4748,30.5236,43.3527,52.4251,57.2370,59.8622,62.1881,63.8643,65.5516,67.2491,68.9559,71.4366,74.7456,83.7689,140.0650,26.6674,16.0056,6.9285
60.810,0.0000,1.0000,0.0000,5,121.97,-0.1758,-0.0295,8450.0,0.0,9.6951,19.9665,29.3695,39.8193,47.4976,51.6766,53.9860,56.0488,57.5445,59.0579,60.5878,62.1333,64.3680,67.3100,74.9743,135.3850,28.0592,16.6214,7.2095
61.009,0.0000,1.0000,0.0000,5,128.21,-0.1437,-0.0287,8927.0,0.0,9.4377,19.4335,27.3432,35.8453,42.2627,45.8322,47.8285,49.6256,50.9367,52.2701,53.6248,55.0003,56.9805,59.5471,65.9765,130.3950,94.2622,17.2235,7.4837
61.210,-0.1555,1.0000,0.0000,5,134.68,-0.1201,0.0102,9431.4,0.0,9.6022,20.0340,27.4460,35.2973,41.2260,44.5375,46.3952,48.0711,49.3038,50.6345,52.0976,53.7261,56.3799,60.2688,128.9170,111.9290,80.5394,16.2492,7.3917
61.410,-0.1034,1.0000,0.0000,5,140.96,-0.1610,0.1026,9980.2,0.0,10.7464,22.8824,31.2682,39.8786,47.1166,53.2295,59.0903,120.7150,118.4430,116.0700,113.5780,110.9440,106.9520,101.7580,91.7222,76.7166,21.9901,13.1142,6.5249
61.610,-0.1005,1.0000,0.0000,5,147.33,-0.2710,0.1203,10339.5,0.0,11.7822,24.7417,33.4064,46.0182,107.0620,99.5931,94.9756,90.4767,87.4400,84.6068,81.9575,79.4749,76.2510,72.8854,67.2765,52.9789,17.3263,11.0544,5.6291
61.810,-0.1005,1.0000,0.0000,6,151.24,-0.3995,0.1175,9618.8,0.0,12.8761,26.4677,40.3537,92.3025,75.9005,69.2158,66.1277,63.6532,62.0014,60.4377,58.8760,57.2342,54.7932,51.7940,45.5324,30.0631,13.5876,8.9916,4.6373
62.010,0.0000,1.0000,0.0000,6,156.87,-0.5380,0.1100,9918.4,0.0,13.9741,33.0254,85.0983,61.0140,51.6688,47.4692,45.0599,42.8633,41.2492,39.6038,37.9306,36.2368,33.8422,31.1011,26.0797,17.4828,10.1944,6.9031,3.5813
62.211,0.0894,1.0000,0.0000,6,161.60,-0.5957,-0.0858,10299.3,0.0,12.2236,23.9345,96.9297,78.5811,63.7851,56.9883,53.9379,51.5325,49.9461,48.4580,47.0595,45.7429,44.0242,42.1942,38.6600,31.2425,20.1060,11.1470,3.8278
62.409,0.0000,1.0000,0.0000,6,167.07,-0.4264,-0.1250,10606.3,0.0,11.0711,24.7478,87.1332,69.6534,55.9848,49.5539,46.7053,44.4755,43.0125,41.6458,40.3663,39.1659,37.6052,35.9735,33.2689,28.1201,20.5284,13.5130,5.5001
62.611,0.4713,1.0000,0.0000,6,171.80,-0.2675,-0.1332,10925.6,0.0,9.7961,23.0459,87.6457,72.8971,62.9581,57.4685,54.3147,51.3671,49.1125,46.8349,44.7587,42.8618,40.4662,38.0430,34.2192,28.5421,22.3358,16.0419,7.0108
62.809,0.0000,1.0000,0.0000,6,176.59,-0.1040,-0.0971,11098.4,0.0,8.8694,24.0637,83.9733,70.7727,62.3514,57.9650,55.5675,53.4311,51.8806,50.3071,48.7082,47.0804,44.7456,41.9782,36.6225,28.9086,21.4985,15.9763,8.0909
63.010,0.3822,1.0000,0.0000,6,181.71,-0.0648,0.0344,11380.1,0.0,9.9743,28.1346,72.4734,60.1635,52.6195,48.8150,46.7793,44.9950,43.7190,42.4421,41.1646,39.8867,38.0974,36.0532,32.2277,25.2436,18.4365,13.5137,7.3747
63.210,0.1114,0.0000,0.0000,6,179.15,-0.1072,-0.0913,10906.3,0.0,8.6432,16.1874,22.6798,73.7821,67.1509,63.8310,62.0623,60.5172,59.4154,58.3154,57.2176,56.1223,54.5938,52.8552,49.6240,43.3158,33.5166,22.2483,8.3737
63.410,0.1275,0.0000,0.0000,6,175.75,0.0505,-0.1744,10703.6,0.0,6.9551,11.7936,15.9635,71.4998,65.4608,62.4708,60.8877,59.5104,58.5316,57.5572,56.5875,55.6230,54.2819,52.7633,49.9613,44.5664,36.3629,26.9689,10.9863
63.610,0.0000,0.0000,1.0000,6,169.19,0.3453,-0.2229,9737.7,0.0,4.7001,8.1526,11.2775,18.4526,60.8608,58.1680,56.7516,55.5247,54.6558,53.7934,52.9378,52.0892,50.9134,49.5881,47.1591,42.5421,35.6531,27.8542,13.5509
63.809,0.0000,0.0000,0.0000,6,152.04,0.5564,-0.0823,9268.8,0.0,3.5412,7.5023,13.9684,54.1951,49.4090,47.1223,45.9342,44.9133,44.1950,43.4860,42.7863,42.0962,41.1463,40.0840,38.1611,34.5893,29.4473,23.8286,13.4083
64.010,0.7580,0.0000,0.0000,6,149.87,0.5987,-0.0187,9137.9,0.0,3.4008,8.3605,57.0447,49.0257,44.5943,42.5004,41.4187,40.4925,39.8429,39.2032,38.5734,37.9537,37.1030,36.1551,34.4477,31.3046,26.8374,22.0093,13.0217
64.211,0.0000,0.0000,0.0000,6,144.65,0.6133,-0.1300,8814.8,0.0,2.9569,5.6330,8.3529,59.7334,54.7087,52.2861,51.0214,49.9310,49.1618,48.4009,47.6484,46.9046,45.8780,44.7263,42.6307,38.7004,32.9526,26.5566,14.5103
64.409,0.3458,1.0000,0.0000,6,145.95,0.6528,-0.1126,9565.2,0.0,2.6906,5.2317,7.8911,58.5788,53.6340,51.2566,50.0171,48.9497,48.1972,47.4532,46.7180,45.9917,44.9899,43.8670,41.8267,38.0090,32.4446,26.2669,14.5976
64.611,0.0000,1.0000,0.0000,6,151.10,0.6930,-0.0325,9570.8,0.0,2.5552,5.7717,11.5487,51.6685,47.1383,44.9898,43.8777,42.9242,42.2546,41.5946,40.9442,40.3036,39.4232,38.4408,36.6673,33.3882,28.6937,23.5716,13.9143
64.812,1.0000,0.2314,0.0000,6,155.55,0.6568,0.0349,9567.6,0.0,3.0732,8.8130,53.3137,45.6585,41.4994,39.5522,38.5508,37.6958,37.0973,36.5091,35.9310,35.3630,34.5851,33.7202,32.1679,29.3268,25.3190,21.0088,12.9328
65.012,1.0000,0.0000,0.0000,6,149.61,0.5962,-0.0606,9126.2,0.0,3.2823,7.1743,14.2473,53.6854,48.8711,46.5802,45.3924,44.3730,43.6566,42.9500,42.2535,41.5670,40.6232,39.5692,37.6649,34.1410,29.0975,23.6200,13.4920
65.209,0.2813,0.0000,0.0000,6,142.85,0.5711,-0.1443,8710.2,0.0,3.2446,6.0761,8.8743,62.7188,56.7153,54.1440,52.8105,51.6603,50.8486,50.0454,49.2509,48.4652,47.3804,46.1630,43.9468,39.7872,33.7029,26.9457,14.3899
65.409,0.5608,0.6039,0.0000,6,138.11,0.5881,-0.1727,8794.9,0.0,3.0481,5.4536,7.5810,11.5109,63.0653,59.0824,57.1725,55.6084,54.5476,53.5305,52.5544,51.6173,50.3663,49.0176,46.6772,42.3034,35.8450,28.5875,14.9673
65.610,0.0000,1.0000,0.0000,6,141.71,0.6454,-0.1392,9390.5,0.0,2.6884,5.0032,7.1795,11.8903,65.1795,60.0155,57.5976,55.6450,54.3342,53.0877,51.9010,50.7700,49.2730,47.6752,44.9651,40.4510,34.3886,27.6367,14.9495
65.815,0.0000,1.0000,0.0000,6,147.96,0.7069,-0.0342,9329.8,0.0,2.4332,5.4263,10.1539,67.5339,55.4999,51.0062,48.9079,47.2157,46.0811,45.0031,43.9777,43.0011,41.7098,40.3329,38.0011,34.1265,29.2101,23.9400,14.0645
66.012,0.5865,1.0000,0.0000,6,153.07,0.6876,0.0133,9735.4,0.0,2.7254,6.9798,161.2720,77.4412,59.1839,52.9899,50.2016,47.9993,46.5450,45.1796,43.8953,42.6852,41.1040,39.4415,36.6792,32.2324,26.9544,22.1220,13.3968
66.213,0.0000,1.0000,0.0000,6,157.61,0.6357,0.0101,10009.6,0.0,3.1741,8.2901,30.8545,200.0000,108.9710,86.2095,77.5871,71.3540,67.4875,64.0231,60.9015,58.0743,54.5368,50.9961,45.4838,37.4643,29.0977,22.3915,13.0407
66.413,0.0703,1.0000,0.0000,6,162.00,0.5544,0.0311,10267.5,0.0,3.9895,10.1038,18.7682,49.7060,179.1830,191.3820,196.2280,199.9420,154.5390,135.1520,120.0950,108.0640,94.7835,83.1236,67.5742,49.2542,34.0767,24.0298,12.4345
66.610,0.0000,1.0000,0.0000,6,167.26,0.4599,0.0512,10546.9,0.0,4.8369,11.7106,20.5688,45.7193,158.4070,175.8640,181.4650,185.6320,188.3110,190.7910,146.1720,127.6260,108.3870,92.4719,72.5408,50.7677,33.9867,23.4484,11.7990
66.816,0.0000,1.0000,0.0000,6,172.51,0.3812,0.0499,10811.7,0.0,5.5334,13.3544,23.3685,51.4063,152.1180,166.8710,172.1020,176.0480,178.6030,180.9810,141.4700,123.1590,104.2770,88.7440,69.3993,48.4036,32.3180,22.2589,11.1766
67.014,0.0000,1.0000,0.0000,6,177.54,0.3035,0.0475,11146.8,0.0,6.2115,14.9071,25.9153,56.0018,144.1330,157.2230,162.1410,165.8930,168.3380,170.6240,172.7720,120.5250,101.4700,85.9547,66.8313,46.3218,30.7792,21.1338,10.5710
67.211,0.1620,1.0000,0.0000,6,182.33,0.2327,0.0145,11491.9,0.0,6.6072,14.7627,23.7627,42.8253,83.2158,132.7670,140.6210,145.6860,148.7940,151.6120,154.2060,156.6160,159.7370,163.0050,87.8671,54.2997,33.3106,21.8041,10.3116
67.416,0.0000,1.0000,0.0000,6,187.10,0.2345,-0.0239,11758.1,0.0,6.3453,13.1942,19.8604,31.5476,49.0648,68.0279,85.7236,111.0070,121.7420,126.8480,130.8330,134.2330,138.3770,142.5220,149.1760,75.5195,40.1590,24.4581,10.7352
67.612,0.0000,1.0000,0.0000,6,191.95,0.2726,-0.0227,12015.8,0.0,6.0367,12.5784,18.9677,30.2230,47.2219,65.8012,83.3060,106.0250,112.5570,116.9500,120.5400,123.6670,127.5330,131.4460,137.8000,76.9203,41.1366,25.1183,11.0524
67.810,0.0000,1.0000,0.0000,6,196.63,0.3143,-0.0234,12301.9,0.0,5.6866,11.8354,17.8294,28.3603,44.1980,61.4156,77.5512,96.3561,101.8750,105.8660,109.1950,112.1270,115.7840,119.5140,125.6250,79.9722,42.6350,25.9960,11.4229
68.009,0.0000,1.0000,0.0000,6,201.19,0.3581,-0.0241,12578.2,0.0,5.3197,11.0578,16.6398,26.4186,41.0574,56.8801,71.6227,86.3205,90.9563,94.5282,97.5763,100.2950,103.7180,107.2420,113.0760,84.6817,44.2256,26.9234,11.8125
68.211,0.0000,1.0000,0.0000,6,205.65,0.4039,-0.0246,12859.9,0.0,4.9383,10.2568,15.4236,24.4583,37.9438,52.4668,65.9489,76.1432,79.9474,83.0646,85.7953,88.2686,91.4230,94.7062,100.2100,109.5410,45.8291,27.8712,12.2164
68.414,0.0000,1.0000,0.0000,6,210.05,0.4512,-0.0247,13117.5,0.0,4.5458,9.4395,14.1921,22.4985,34.8875,48.2172,59.8919,65.7923,68.8398,71.4815,73.8637,76.0610,78.9065,81.9094,87.0211,95.8783,47.4042,28.8217,12.6298
68.611,0.0000,1.0000,0.0000,6,214.36,0.4997,-0.0249,13379.7,0.0,4.1434,8.6016,12.9292,20.4880,31.7508,43.8535,51.1302,55.0939,57.4821,59.6541,61.6705,63.5686,66.0706,68.7549,73.4107,81.6903,49.4322,29.7999,13.0540
68.814,-0.0739,0.0000,0.5255,6,209.59,0.5244,0.0308,12568.9,0.0,4.1656,9.6296,16.0558,31.2605,45.6289,50.5472,52.9600,54.9832,56.3857,57.7570,59.0998,60.4165,62.2193,64.2275,67.8585,74.6729,39.1013,25.8013,12.5548
69.009,0.0000,0.0000,0.0000,6,197.97,0.4427,0.0826,12059.8,0.0,5.1735,13.5688,25.9076,37.9889,44.7077,47.9618,49.6708,51.1515,52.2010,53.2437,54.2797,55.3089,56.7384,58.3561,61.3434,67.1369,32.3333,21.5070,11.3442
69.219,-0.1283,0.0000,0.0000,6,194.43,0.2744,0.1387,11846.0,0.0,7.2250,19.9894,28.6030,36.0240,40.7969,43.2403,44.5543,45.7090,46.5360,47.3648,48.1949,49.0259,50.1905,51.5223,54.0192,58.9928,67.1253,17.1869,9.5812
69.439,-0.7031,0.0000,0.0000,6,188.88,-0.0748,0.3006,11503.7,0.0,11.9396,26.1091,33.3971,39.5056,43.4487,45.4811,46.5789,47.5466,48.2412,48.9386,49.6386,50.3408,51.3276,52.4596,54.5915,58.8738,14.7018,10.6043,6.3710
69.659,-0.1106,0.0000,0.0000,6,182.47,-0.4955,0.2601,11101.6,0.0,15.1351,28.6337,34.9879,40.2681,43.6861,45.4539,46.4107,47.2551,47.8622,48.4723,49.0854,49.7012,50.5678,51.5637,53.4447,10.7930,7.7294,5.8433,3.5347
69.881,-0.0951,0.0000,0.0000,6,179.20,-0.7560,0.0700,10919.5,0.0,14.5626,23.6990,28.0775,31.8725,34.4230,35.7735,36.5136,37.1722,37.6489,38.1307,38.6176,39.1094,39.8061,40.6136,42.1588,45.3612,6.9231,4.1132,1.9618
70.098,-1.0000,0.0000,0.0000,6,172.07,-0.8055,0.0881,10494.4,0.0,15.1406,24.6612,29.1477,32.9968,35.5653,36.9195,37.6601,38.3184,38.7944,39.2750,39.7602,40.2498,40.9427,41.7448,43.2770,46.6399,4.6737,3.0581,1.5351
70.318,-1.0000,0.0000,0.0000,6,161.09,-0.7932,0.1277,9832.4,0.0,15.5392,25.7861,30.5488,34.6240,37.6433,39.4024,40.4212,41.3637,42.0682,42.8004,43.5619,44.3545,45.5197,46.9376,49.8764,6.8614,4.2513,2.9625,1.5802
70.539,-0.1026,1.0000,0.0000,6,155.12,-0.7481,0.0735,10188.8,0.0,14.5017,23.4865,28.1578,33.1785,37.3096,39.8312,41.3327,42.7497,43.8269,44.9633,46.1638,47.4339,49.3407,51.7266,56.9163,71.3818,7.2178,4.2359,2.0200
70.759,-0.8398,1.0000,0.0000,6,159.46,-0.6412,-0.0704,10149.3,0.0,12.3088,19.0875,23.3786,28.1640,32.2454,34.8037,36.3523,37.8312,38.9672,40.1767,41.4668,42.8459,44.9444,47.6184,53.6287,71.9276,168.9690,19.6807,3.3899
70.978,-0.1065,1.0000,0.0000,6,163.49,-0.4127,-0.1487,10373.2,0.0,10.4864,18.0921,23.7188,30.8659,37.8535,42.7366,45.9082,49.1049,51.6799,54.5444,57.7497,61.3602,67.2555,75.5664,98.4209,200.0000,66.0165,20.1688,5.9847
71.198,-0.1032,1.0000,0.0000,6,168.59,-0.1729,-0.0833,10648.3,0.0,9.2173,17.4568,24.3843,34.4869,46.1326,55.5767,62.4087,69.9434,76.5519,84.5465,94.4138,106.8980,131.2030,177.3070,200.0000,127.8060,39.4565,20.1943,7.6843
71.418,-0.1003,1.0000,0.0000,6,173.60,-0.0654,-0.0038,10944.3,0.0,9.0064,19.4210,30.2067,50.8795,86.9167,134.8150,191.0150,200.0000,200.0000,200.0000,200.0000,200.0000,200.0000,140.8170,85.0082,47.4821,27.4614,17.4158,7.9603
71.640,-0.1003,1.0000,0.0000,6,178.46,-0.0973,0.0753,11248.5,0.0,10.0996,25.9703,49.2284,140.4960,200.0000,171.0980,118.7550,93.6895,81.4219,71.9997,64.5365,58.4792,51.6932,45.6479,37.4553,27.6063,19.2806,13.6846,7.1423
71.858,0.1866,1.0000,0.0000,6,183.29,-0.2437,0.0485,11534.7,0.0,11.1042,26.7098,46.5565,101.3270,200.0000,199.4070,193.1270,146.3660,114.2320,93.6739,79.3918,68.8931,58.1372,49.3424,38.4558,26.7229,17.7915,12.2314,6.1277
72.078,0.0000,1.0000,0.0000,6,188.15,-0.3026,0.0115,11787.7,0.0,11.1819,24.8341,39.7355,70.7361,134.0050,195.6720,193.3100,190.6390,188.2230,185.0970,180.2730,144.7600,101.7710,75.9934,51.5438,31.4064,19.0975,12.4393,5.8509
72.298,0.0000,1.0000,0.0000,6,193.04,-0.3281,0.0128,12080.0,0.0,11.4167,25.4243,40.7889,73.0102,139.8680,183.4210,181.0370,178.3660,175.9630,172.8500,167.9490,133.2310,94.9264,71.4600,48.8467,29.9559,18.2886,11.9390,5.6294
72.518,0.0000,1.0000,0.0000,6,197.80,-0.3542,0.0132,12370.2,0.0,11.6456,25.9541,41.6708,74.7063,143.5840,170.9870,168.6350,166.0330,163.7160,160.7460,156.2020,126.4500,90.4217,68.2202,46.7325,28.7111,17.5484,11.4630,5.4087
72.738,0.0000,1.0000,0.0000,6,202.42,-0.3815,0.0135,12652.6,0.0,11.8842,26.5019,42.5760,76.4243,161.4600,158.2390,155.9340,153.4180,151.2020,148.3970,144.2510,119.9190,85.9911,64.9894,44.5938,27.4358,16.7837,10.9689,5.1784
72.957,0.0000,1.0000,0.0000,6,206.93,-0.4099,0.0137,12925.6,0.0,12.1314,27.0653,43.5006,78.1562,148.3830,145.1810,142.9390,140.5250,138.4250,135.8060,132.0800,113.5870,81.6179,61.7624,42.4317,26.1327,15.9970,10.4586,4.9395
73.178,0.0000,1.0000,0.0000,6,211.35,-0.4393,0.0139,13198.3,0.0,12.3856,27.6399,44.4360,79.8807,134.9710,131.8160,129.6530,127.3600,125.3930,122.9800,119.6850,107.4810,77.3213,58.5544,40.2570,24.8086,15.1923,9.9346,4.6931
73.398,0.0000,1.0000,0.0000,6,215.67,-0.4695,0.0139,13462.7,0.0,12.6457,28.2227,45.3767,81.5857,121.2210,118.1430,116.0780,113.9270,112.1070,109.9190,107.0510,101.3750,73.0924,55.3648,38.0727,23.4669,14.3724,9.3991,4.4405
73.618,0.0000,1.0000,0.0000,6,219.90,-0.5003,0.0139,13714.2,0.0,12.9109,28.8145,46.3283,83.2966,107.1200,104.1530,102.2080,100.2160,98.5589,96.6076,94.1550,90.4250,68.8471,52.1492,35.8613,22.1039,13.5377,8.8532,4.1826
73.839,0.0000,0.0000,0.0000,6,219.14,-0.5315,0.0144,13349.0,0.0,13.1865,29.4590,47.4116,96.8733,92.7009,89.8694,88.0575,86.2340,84.7427,83.0225,80.9388,78.1170,63.8181,48.4719,33.4218,20.6470,12.6635,8.2881,3.9191
74.058,0.0000,0.0000,0.0000,6,214.47,-0.5641,0.0160,13065.1,0.0,13.4885,30.2291,48.8058,82.4352,78.3167,75.6402,73.9693,72.3150,70.9840,69.4774,67.7091,65.4792,57.3490,43.9213,30.5339,18.9965,11.7034,7.6791,3.6414
74.278,0.0000,0.0000,1.0000,6,189.80,-0.5975,0.0171,10994.3,0.0,13.7934,30.9853,50.4382,68.6302,64.6670,62.2000,60.6979,59.2385,58.0868,56.8121,55.3672,53.6619,50.1896,39.7808,27.8171,17.3942,10.7511,7.0673,3.3582
74.497,0.0000,0.0000,1.0000,6,160.78,-0.6276,0.0176,9062.5,0.0,14.0594,31.6119,61.3780,56.6389,52.9099,50.6836,49.3603,48.1000,47.1256,46.0718,44.9161,43.6224,41.4158,36.5393,25.6078,16.0441,9.9292,6.5317,3.1062
74.718,0.0563,0.0000,1.0000,5,134.22,-0.6535,0.0178,7939.8,0.0,14.2867,33.1694,51.0227,46.3791,42.9331,40.9553,39.8074,38.7358,37.9235,37.0638,36.1468,35.1599,33.6134,31.4258,23.7619,14.9029,9.2291,6.0734,2.8895
74.938,1.0000,0.0000,0.0000,5,114.66,-0.6740,0.0067,7649.5,0.0,14.3002,47.5261,42.6377,38.2942,35.2501,33.5751,32.6300,31.7683,31.1301,30.4704,29.7862,29.0741,28.0239,26.7266,23.8124,15.2232,9.1214,5.8936,2.7477
75.158,0.0000,0.0000,0.0000,5,109.89,-0.6132,-0.1623,7312.5,0.0,11.9190,44.7096,41.0706,37.9936,35.9542,34.8791,34.2903,33.7661,33.3865,33.0025,32.6141,32.2212,31.6635,31.0150,29.7659,27.1426,22.3262,13.7751,3.9769
75.379,1.0000,0.0000,0.0000,5,106.92,-0.4113,-0.2969,7126.6,0.0,9.5898,16.2434,37.3741,34.9054,33.3212,32.5026,32.0593,31.6676,31.3858,31.1023,30.8172,30.5304,30.1264,29.6610,28.7786,26.9799,23.9066,19.5805,7.5257
75.598,1.0000,0.0000,0.0000,5,101.38,-0.0514,-0.5583,6779.4,0.0,6.4748,8.7964,11.3515,34.3425,33.1696,32.5665,32.2407,31.9534,31.7469,31.5395,31.3311,31.1218,30.8273,30.4887,29.8487,28.5509,26.3529,23.2700,13.5051
75.818,1.0000,0.0000,0.0000,4,94.44,0.3937,-0.6109,7057.4,0.0,3.7089,4.8639,5.7565,6.9598,8.5617,31.0729,30.8116,30.5816,30.4167,30.2512,30.0851,29.9186,29.6845,29.4160,28.9099,27.8893,26.1753,23.7937,16.0989
76.038,1.0000,0.0000,0.0000,4,86.80,0.7122,-0.5133,6491.8,0.0,1.8022,2.4430,2.8815,3.3979,3.8848,4.2306,4.4650,4.7157,4.9345,5.2068,5.5786,6.2846,27.6015,27.3681,26.9344,26.0667,24.6303,22.6712,16.5100
76.258,0.0000,1.0000,0.0000,4,79.70,0.8661,-0.3696,7030.1,0.0,0.8838,1.3081,1.6018,1.9591,2.3081,2.5631,2.7394,2.9313,3.1018,3.3185,3.6253,4.3670,26.4304,26.0703,25.4340,24.2982,22.7452,21.0089,15.8488
76.479,0.6080,1.0000,0.0000,4,82.59,0.8459,-0.1290,8076.2,0.0,1.1948,2.5648,37.6322,31.2481,28.4535,27.2621,26.6738,26.1837,25.8467,25.5203,25.2039,24.8971,24.4831,24.0307,23.2380,21.8422,19.9667,18.0320,13.8706
76.698,1.0000,1.0000,0.0000,4,84.92,0.6493,0.0411,8760.4,0.0,3.4973,150.2880,56.1724,39.0433,33.1028,30.7912,29.6935,28.7998,28.1961,27.6194,27.0677,26.5397,25.8374,25.0833,23.7939,21.6167,18.8579,16.1776,11.6784
76.921,0.0000,1.0000,0.0000,5,82.91,0.3011,0.0720,6632.5,0.0,6.7221,19.4089,44.1392,200.0000,174.5640,110.2540,92.1689,80.6119,73.9915,68.3809,63.5656,59.3879,54.3907,49.6272,42.6472,33.3403,24.5631,18.1232,9.9849
77.140,-0.0796,1.0000,0.0000,5,79.24,-0.0527,-0.1467,7430.8,0.0,7.8666,13.7213,18.1139,23.7739,29.3973,33.3808,35.9923,38.6439,40.7943,43.2016,45.9145,48.9950,54.0817,61.3749,82.2023,200.0000,90.6911,30.9188,9.5349
77.363,-0.0579,1.0000,0.0000,5,77.91,-0.2467,-0.3594,7603.1,0.0,8.2140,11.7361,13.8855,16.1480,17.9722,19.0693,19.7168,20.3239,20.7829,21.2647,21.7711,22.3040,23.0984,24.0832,26.1903,31.8223,50.0511,200.0000,10.9393
77.584,-0.3910,1.0000,0.0000,5,77.32,-0.2725,-0.5592,7437.6,0.0,7.8348,9.8192,10.9834,12.1221,12.9774,13.4666,13.7467,14.0040,14.1950,14.3923,14.5964,14.8075,15.1155,15.4865,16.2423,18.0398,22.2817,33.8408,19.4614
77.803,-1.0000,1.0000,0.0000,5,80.59,-0.1285,-0.6802,7252.2,0.0,6.8089,7.9869,8.7163,9.4175,9.9336,10.2244,10.3895,10.5401,10.6514,10.7659,10.8837,11.0050,11.1808,11.3909,11.8133,12.7875,14.9287,19.8233,49.8009
78.021,-0.5302,1.0000,0.0000,5,91.50,0.1694,-0.5135,6533.3,0.0,5.1738,6.6625,7.5332,8.3945,9.0488,9.4260,9.6431,9.8430,9.9919,10.1461,10.3060,10.4718,10.7145,11.0081,11.6107,13.0677,16.6481,27.5582,26.1215
78.244,-0.1110,1.0000,0.0000,5,93.70,0.4834,-0.1046,7295.9,0.0,3.9886,7.3362,10.0347,13.7874,17.8646,20.9909,23.1591,25.4647,27.4169,29.6956,32.3902,35.6258,41.4238,50.9007,89.2126,200.0000,85.0222,39.5399,14.1405
78.463,0.7809,1.0000,0.0000,5,92.94,0.6452,0.2098,7921.1,0.0,3.9106,17.5164,200.0000,112.8180,70.7553,59.6863,55.1037,51.6425,49.4294,47.4016,45.5370,43.8167,41.6207,39.3729,35.7697,30.2899,24.2507,19.1551,11.7675
78.678,0.4749,1.0000,0.0000,5,101.65,0.7054,-0.0790,7448.0,0.0,2.3234,4.4278,6.2134,8.8453,11.9209,14.4486,16.2962,18.3527,20.1729,22.3958,25.1714,28.7348,35.8434,49.9841,192.3680,200.0000,78.6701,40.9411,15.7643
78.904,-0.3744,1.0000,0.0000,5,106.02,0.8468,-0.2982,7742.3,0.0,1.0404,1.5609,1.8913,2.2528,2.5556,2.7427,2.8551,2.9617,3.0431,3.1294,3.2210,3.3184,3.4655,3.6511,4.0611,5.2508,10.3754,200.0000,23.6672
79.121,-0.0557,1.0000,0.0000,5,109.38,1.0267,0.0096,8277.1,0.0,-1.0000,-1.0000,-1.0000,-1.0000,-1.0000,-1.0000,-1.0000,-1.0000,-1.0000,-1.0000,-1.0000,-1.0000,-1.0000,-1.0000,-1.0000,-1.0000,-1.0000,-1.0000,-1.0000
79.337,0.0000,1.0000,0.0000,5,111.00,1.0455,0.2723,8994.2,0.0,-1.0000,-1.0000,-1.0000,-1.0000,-1.0000,-1.0000,-1.0000,-1.0000,-1.0000,-1.0000,-1.0000,-1.0000,-1.0000,-1.0000,-1.0000,-1.0000,-1.0000,-1.0000,-1.0000
79.558,0.6080,1.0000,0.0000,5,114.11,0.8787,0.4379,9415.8,0.0,2.1375,106.2320,49.7667,36.2999,31.3244,29.3430,28.3930,27.6151,27.0874,26.5816,26.0962,25.6302,25.0082,24.3376,23.1842,21.2175,18.6908,16.2002,11.9886
79.779,0.0596,1.0000,0.0000,5,123.38,0.5435,0.3744,8651.4,0.0,6.8570,200.0000,56.3801,37.1020,30.8753,28.5114,27.4001,26.5005,25.8956,25.3196,24.7705,24.2465,23.5520,22.8095,21.5473,19.4368,16.7990,14.2728,10.1018
80.001,0.5193,1.0000,0.0000,5,129.17,0.1608,0.2131,9184.9,0.0,9.2980,42.6002,200.0000,76.6704,48.7610,41.2863,38.1757,35.8199,34.3108,32.9260,31.6510,30.4733,28.9680,27.4248,24.9463,21.1655,16.9826,13.4402,8.2847
80.219,0.0000,1.0000,0.0000,5,134.18,-0.0806,0.0711,9566.5,0.0,9.8977,25.1737,47.0239,127.0500,200.0000,200.0000,133.1300,102.8410,88.4716,77.6308,69.1614,62.3624,54.8241,48.1775,39.2716,28.7173,19.9223,14.0746,7.3009
80.439,0.0000,1.0000,0.0000,5,141.12,-0.2014,0.0657,9788.5,0.0,10.9358,27.4323,50.3302,127.7680,200.0000,200.0000,132.9260,99.3021,84.1114,72.9568,64.4188,57.6737,50.3060,43.9040,35.4618,25.6525,17.6358,12.3829,6.3719
80.658,0.0000,1.0000,0.0000,5,147.78,-0.3000,0.0662,10199.5,0.0,11.8391,29.7311,54.6253,139.3310,200.0000,186.4400,115.1220,86.2627,73.1680,63.5290,56.1379,50.2908,43.8955,38.3319,30.9849,22.4343,15.4350,10.8431,5.5832
80.881,0.0000,1.0000,0.0000,6,151.53,-0.3611,-0.0085,9566.0,0.0,11.4519,24.4788,37.7660,62.6644,104.3610,156.6600,200.0000,200.0000,200.0000,200.0000,200.0000,200.0000,181.2500,109.1960,62.5828,33.8032,19.2092,12.0743,5.4683
81.102,0.0000,1.0000,0.0000,6,157.22,-0.3555,-0.0078,9907.3,0.0,11.4127,24.4268,37.7308,62.7430,104.8730,158.1520,200.0000,200.0000,200.0000,200.0000,200.0000,200.0000,176.9460,107.9860,62.4147,33.8900,19.3106,12.1545,5.5123
81.320,0.0000,1.0000,0.0000,6,162.77,-0.3431,-0.0077,10248.1,0.0,11.3096,24.2111,37.4046,62.2220,104.0630,157.0430,200.0000,200.0000,200.0000,200.0000,200.0000,200.0000,179.4410,109.7240,63.5016,34.5083,19.6713,12.3841,5.6176
81.538,0.0000,1.0000,0.0000,6,168.19,-0.3301,-0.0077,10565.3,0.0,11.2003,23.9773,37.0437,61.6223,103.0620,155.5360,200.0000,200.0000,200.0000,200.0000,200.0000,199.9770,179.3910,111.8810,64.7528,35.1891,20.0596,12.6287,5.7286
81.758,0.0000,1.0000,0.0000,6,173.45,-0.3167,-0.0077,10886.0,0.0,11.0875,23.7358,36.6705,61.0015,102.0230,153.9690,200.0000,200.0000,200.0000,200.0000,199.0150,190.5730,173.5250,114.1190,66.0475,35.8930,20.4608,12.8813,5.8432
81.980,0.0000,1.0000,0.0000,6,178.57,-0.3029,-0.0077,11206.2,0.0,10.9712,23.4869,36.2860,60.3620,100.9540,152.3560,200.0000,200.0000,200.0000,196.7400,188.6960,180.8430,166.2020,116.4230,67.3815,36.6181,20.8742,13.1415,5.9613
82.201,0.0000,1.0000,0.0000,6,183.57,-0.2887,-0.0077,11499.0,0.0,10.8516,23.2308,35.8904,59.7039,99.8528,200.0000,200.0000,200.0000,193.9560,185.6730,178.0820,170.7970,158.0400,118.7960,68.7551,37.3643,21.2996,13.4093,6.0827
82.419,0.0000,1.0000,0.0000,6,188.42,-0.2741,-0.0077,11801.8,0.0,10.7288,22.9678,35.4840,59.0278,98.7224,200.0000,200.0000,190.5990,182.0810,174.3050,167.1780,160.4420,149.2570,121.2340,70.1658,38.1308,21.7365,13.6844,6.2075
82.637,0.0000,1.0000,0.0000,6,193.15,-0.2591,-0.0077,12082.4,0.0,10.6027,22.6979,35.0671,58.3341,97.5620,200.0000,190.3370,177.8480,169.9010,162.6450,155.9950,149.7860,139.9610,122.6530,71.6132,38.9172,22.1848,13.9666,6.3355
82.858,0.0000,1.0000,0.0000,6,197.73,-0.2438,-0.0077,12365.6,0.0,10.4736,22.4215,34.6400,57.6236,96.3727,191.7860,176.3590,164.7870,157.4230,150.7000,144.5390,138.8380,130.2170,117.3230,73.0958,39.7229,22.6439,14.2556,6.4666
83.080,0.0000,1.0000,0.0000,6,202.19,-0.2281,-0.0077,12633.3,0.0,10.3415,22.1386,34.2029,56.8964,95.1561,176.2340,162.0580,151.4240,144.6570,138.4790,132.8180,127.6060,120.0690,109.7650,74.6132,40.5472,23.1138,14.5514,6.6008
83.298,0.0000,1.0000,0.0000,6,206.53,-0.2121,-0.0077,12900.4,0.0,10.2064,21.8495,33.7561,56.1528,191.9150,160.3400,147.4420,137.7670,131.6110,125.9900,120.8390,116.1010,109.5500,101.1270,76.1645,41.3900,23.5941,14.8537,6.7379
83.518,0.0000,1.0000,0.0000,6,210.78,-0.1957,-0.0077,13158.4,0.0,10.0685,21.5542,33.2999,55.3938,172.4920,144.1110,132.5190,123.8240,118.2900,113.2380,108.6080,104.3500,98.6827,91.7535,75.8777,42.2505,24.0846,15.1625,6.8779
83.738,0.0000,1.0000,0.0000,6,214.92,-0.1790,-0.0077,13412.2,0.0,9.9278,21.2530,32.8344,54.6192,152.6770,127.5570,117.2960,109.5990,104.7010,100.2300,96.1316,92.3621,87.4864,81.8038,70.2208,43.1287,24.5851,15.4775,7.0208
83.959,0.0000,1.0000,0.0000,6,218.98,-0.1620,-0.0077,13657.0,0.0,9.7844,20.9459,32.3599,200.0000,132.4800,110.6830,101.7790,95.1007,90.8508,86.9705,83.4145,80.1437,75.9770,71.3691,62.5776,44.0204,25.0953,15.7987,7.1665
84.179,0.0000,1.0000,0.0000,6,222.94,-0.1446,-0.0077,13898.7,0.0,9.6383,20.6331,31.9024,185.2200,111.9100,93.4972,85.9761,80.3342,76.7442,73.4666,70.4626,67.6998,64.1846,60.5084,53.8271,41.4349,25.6149,16.1258,7.3148
84.401,0.0000,1.0000,0.0000,6,226.81,-0.1269,-0.0077,14136.5,0.0,9.4896,20.4138,39.0091,150.5730,90.9757,76.0070,69.8927,65.3064,62.3879,59.7234,57.2815,55.0352,52.1776,49.2630,44.2972,35.6382,25.0392,16.4588,7.4659
84.619,0.2474,1.0000,0.0000,6,230.37,-0.1040,-0.0372,14406.3,0.0,9.1135,21.3475,75.4333,183.6890,89.9224,71.6913,64.7122,59.6409,56.4845,53.6492,51.0885,48.7648,45.8509,42.9273,38.3615,31.5127,23.3716,16.5122,7.8428
